# Index:,NWES_004
# Station Description:,38a Oceanographic Mooring
# Region Code:,NWES
# Latitude:,53.783 N
# Longitude:,5.625 W
# Detailed Location (WKT):,
# Measurement Depth/Range:,Seabed
# Sampling Frequency:,3-hourly
# Data Source:,AFBI Northern Ireland
# Contact Name (email):,Billy Hunter (billy.hunter@afbini.gov.uk)
# Notes:,SBE56 sensor
# Reference:,
# DOI:,
# Website:,
Decimal Year,Temperature °C
1996.29435,7.6
1996.297082,7.6
1996.299814,7.6
1996.302546,7.6
1996.305279,7.6
1996.308011,7.6
1996.310743,7.6
1996.313475,7.6
1996.316208,7.6
1996.31894,7.6125
1996.321672,7.6125
1996.324404,7.6
1996.327137,7.6
1996.329869,7.6
1996.332601,7.6
1996.335333,7.7125
1996.338066,8
1996.340798,8.175
1996.34353,8.275
1996.346262,8.35
1996.348995,8.3
1996.351727,8.2375
1996.354459,8.3667
1996.357191,8.419833333
1996.359923,8.485354545
1996.362656,8.458966667
1996.365388,8.5231375
1996.36812,8.4
1996.370852,8.4
1996.373585,8.4
1996.376317,8.4
1996.379049,8.4
1996.381781,8.4
1996.384514,8.4
1996.387246,8.4
1996.389978,8.4
1996.39271,8.4
1996.395443,8.4
1996.398175,8.375
1996.400907,8.325
1996.403639,8.3125
1996.406372,8.2875
1996.409104,8.2625
1996.411836,8.1625
1996.414568,8.375
1996.417301,8.075
1996.420033,7.875
1996.422765,7.9
1996.425497,8.0125
1996.42823,8.0625
1996.430962,8.0125
1996.433694,8
1996.436426,8
1996.439158,8
1996.441891,8.05
1996.444623,8.275
1996.447355,8.4
1996.450087,8.4
1996.45282,8.4
1996.455552,8.4
1996.458284,8.4
1996.461016,8.4
1996.463749,8.4
1996.466481,8.4
1996.469213,8.5
1996.471945,8.45
1996.474678,8.4
1996.47741,8.4
1996.480142,8.4125
1996.482874,8.475
1996.485607,8.4875
1996.488339,8.5
1996.491071,8.5
1996.493803,8.5
1996.496536,8.5375
1996.499268,8.5875
1996.502,8.6375
1996.504732,8.7375
1996.507464,8.8
1996.510197,8.9125
1996.512929,9.0125
1996.515661,9.0375
1996.518393,9.0625
1996.521126,9.125
1996.523858,9.175
1996.52659,9.2125
1996.529322,9.175
1996.532055,9.125
1996.534787,9.1375
1996.537519,9.175
1996.540251,9.2
1996.542984,9.2
1996.545716,9.275
1996.548448,9.4
1996.55118,9.475
1996.553913,9.5
1996.556645,9.5625
1996.559377,9.5125
1996.562109,9.4375
1996.564842,9.55
1996.567574,9.5625
1996.570306,9.65
1996.573038,9.7625
1996.57577,9.8875
1996.578503,10.0375
1996.581235,10.05
1996.583967,10.0375
1996.586699,10.125
1996.589432,10.2875
1996.592164,10.175
1996.594896,9.8125
1996.597628,9.9125
1996.600361,9.9375
1996.603093,10
1996.605825,10.0375
1996.608557,10.125
1996.61129,10.2
1996.614022,10.2
1996.616754,11.54801923
1996.619486,11.69656731
1996.622219,11.67608365
1996.624951,11.69460481
1996.627683,11.76720577
1996.630415,11.87727885
1996.633148,12.04152049
1996.63588,11.98363864
1996.638612,12.00935909
1996.641344,12.18413977
1996.644077,12.16970568
1996.646809,12.13943409
1996.649541,12.16436477
1996.652273,12.18698295
1996.655005,12.22340795
1996.657738,12.22579091
1996.66047,12.24464773
1996.663202,12.30347727
1996.665934,12.3832125
1996.668667,12.24466705
1996.671399,12.35687159
1996.674131,12.34616932
1996.676863,12.40406023
1996.679596,12.54584659
1996.682328,12.47387955
1996.68506,12.48564318
1996.687792,12.57634205
1996.690525,12.65120909
1996.693257,12.71997614
1996.695989,12.70061023
1996.698721,12.7382375
1996.701454,12.91202955
1996.704186,13.04668636
1996.706918,13.12503523
1996.70965,13.15395568
1996.712383,13.24708977
1996.715115,13.17785114
1996.717847,13.25939205
1996.720579,13.29379659
1996.723311,13.27947727
1996.726044,13.32702273
1996.728776,13.39865909
1996.731508,13.37886364
1996.73424,13.35802273
1996.736973,13.40636364
1996.739705,13.44134091
1996.742437,13.4725625
1996.745169,13.47741667
1996.747902,13.43460417
1996.750634,13.45602083
1996.753366,13.53697917
1996.756098,13.638375
1996.758831,13.714
1996.761563,13.71541667
1996.764295,13.78754167
1996.767027,13.803125
1996.76976,13.79322917
1996.772492,13.779375
1996.775224,13.785
1996.777956,13.80960417
1996.780689,13.7771875
1996.783421,13.7733125
1996.786153,13.7231875
1996.788885,13.70227083
1996.791617,13.70860417
1996.79435,13.68741667
1996.797082,13.6560625
1996.799814,13.66095833
1996.802546,13.64464583
1996.805279,13.58708333
1996.808011,13.59420833
1996.810743,13.58577083
1996.813475,13.5865
1996.816208,13.576875
1996.81894,13.53364583
1996.821672,13.482375
1996.824404,13.47195833
1996.827137,13.42594896
1996.829869,13.39909688
1996.832601,13.37510104
1996.835333,13.37717614
1996.838066,13.31208542
1996.840798,13.26165208
1996.84353,13.26340313
1996.846262,13.24470521
1996.848995,13.21259688
1996.851727,13.23163636
1996.854459,13.19056771
1996.857191,13.13362083
1996.859923,13.09380833
1996.862656,13.07121354
1996.865388,13.01477083
1996.86812,12.93804792
1996.870852,12.92967708
1996.873585,12.91273229
1996.876317,12.88546875
1996.879049,12.86696875
1996.881781,12.81410417
1996.884514,12.68980417
1996.887246,12.58929792
1996.889978,12.54243542
1996.89271,12.56244271
1996.895443,12.54297292
1996.898175,12.45032396
1996.900907,12.38125938
1996.903639,12.3419125
1996.906372,12.29624271
1996.909104,12.2586125
1996.911836,11.175
1996.914568,11.1125
1996.917301,11
1996.920033,10.875
1996.922765,10.775
1996.925497,10.525
1996.92823,10.6625
1996.930962,10.5875
1996.933694,10.65
1996.936426,10.525
1996.939158,10.325
1996.941891,10.2625
1996.944623,10.1375
1996.947355,10.1875
1996.950087,10.2875
1996.95282,10.475
1996.955552,10.4625
1996.958284,10.4125
1996.961016,10.15
1996.963749,10.0375
1996.966481,10.2125
1996.969213,10.275
1996.971945,10.6
1996.974678,10.7
1996.97741,10.6875
1996.980142,10.5875
1996.982874,10.4625
1996.985607,10.325
1996.988339,9.9625
1996.991071,10.0375
1996.993803,9.975
1996.996536,9.9
1996.999268,9.675
1997.002,9.5625
1997.00474,9.5875
1997.007479,9.4875
1997.010219,9.25
1997.012959,9.175
1997.015699,9.025
1997.018438,8.775
1997.021178,8.65
1997.023918,8.675
1997.026658,8.5125
1997.029397,8.55
1997.032137,8.575
1997.034877,8.5
1997.037616,8.5375
1997.040356,8.5375
1997.043096,8.5125
1997.045836,8.4625
1997.048575,8.4125
1997.051315,8.3375
1997.054055,8.025
1997.056795,8.05
1997.059534,8.0875
1997.062274,8.1625
1997.065014,8.1625
1997.067753,8.0875
1997.070493,8.1375
1997.073233,8.025
1997.075973,8.075
1997.078712,8.1375
1997.081452,8.25
1997.084192,8.3
1997.086932,8.1875
1997.089671,8.175
1997.092411,8.075
1997.095151,7.975
1997.09789,8
1997.10063,7.9875
1997.10337,8.0375
1997.10611,8.0875
1997.108849,8.125
1997.111589,8.175
1997.114329,8.05
1997.117068,8.0333
1997.119808,8
1997.122548,8
1997.125288,7.9375
1997.128027,7.9875
1997.130767,8
1997.133507,7.875
1997.136247,7.7
1997.138986,7.6875
1997.141726,7.6
1997.144466,7.6
1997.147205,7.575
1997.149945,7.65
1997.152685,7.55
1997.155425,7.6
1997.158164,7.6
1997.160904,7.575
1997.163644,7.6125
1997.166384,7.6625
1997.169123,7.575
1997.171863,8.249195455
1997.174603,8.230468182
1997.177342,7.6
1997.180082,7.6
1997.182822,7.6
1997.185562,7.6
1997.188301,7.6
1997.191041,7.6
1997.193781,7.6
1997.196521,7.6
1997.19926,7.6
1997.202,7.6
1997.20474,7.6
1997.207479,7.6
1997.210219,7.6
1997.212959,7.6
1997.215699,7.6
1997.218438,7.6
1997.221178,7.6
1997.223918,7.6
1997.226658,7.6
1997.229397,7.6
1997.232137,7.6
1997.234877,7.6
1997.237616,7.5875
1997.240356,7.525
1997.243096,7.5125
1997.245836,7.5875
1997.248575,7.55
1997.251315,7.475
1997.254055,7.4625
1997.256795,7.4625
1997.259534,7.5
1997.262274,7.85
1997.265014,7.525
1997.267753,7.5125
1997.270493,7.5125
1997.273233,7.525
1997.275973,7.5375
1997.278712,7.5375
1997.281452,7.55
1997.284192,7.575
1997.286932,7.575
1997.289671,7.6
1997.292411,7.6
1997.295151,7.6
1997.29789,7.6
1997.30063,7.6
1997.30337,7.6
1997.30611,7.6
1997.308849,7.6
1997.311589,7.6
1997.314329,7.6
1997.317068,7.6
1997.319808,7.6
1997.322548,7.7
1997.325288,7.6375
1997.328027,7.7125
1997.330767,7.7375
1997.333507,7.6875
1997.336247,7.65
1997.338986,7.675
1997.341726,7.625
1997.344466,7.7
1997.347205,7.7625
1997.349945,7.8
1997.352685,7.825
1997.355425,7.875
1997.358164,8.6375
1997.360904,8.9
1997.363644,8.9
1997.366384,8.9
1997.369123,8.8667
1997.371863,8.8125
1997.374603,8.775
1997.377342,8.725
1997.380082,8.7375
1997.382822,8.6
1997.385562,8.4875
1997.388301,8.5625
1997.391041,8.7
1997.393781,8.5625
1997.396521,8.5125
1997.39926,8.35
1997.402,8.1375
1997.40474,8.125
1997.407479,8.2
1997.410219,8.1375
1997.412959,8.2
1997.415699,8.225
1997.418438,8.1625
1997.421178,8.275
1997.423918,8.36
1997.426658,8.3875
1997.429397,8.425
1997.432137,8.4375
1997.434877,8.5
1997.437616,8.5125
1997.440356,8.525
1997.443096,8.5625
1997.445836,8.575
1997.448575,8.5875
1997.451315,8.8
1997.454055,9.0375
1997.456795,9.125
1997.459534,9.225
1997.462274,9.1875
1997.465014,9.1125
1997.467753,9.025
1997.470493,9.0625
1997.473233,9.7125
1997.475973,9.9875
1997.478712,9.6125
1997.481452,9.575
1997.484192,9.475
1997.486932,9.5
1997.489671,9.725
1997.492411,10.45
1997.495151,10.6625
1997.49789,10.8875
1997.50063,11.5125
1997.50337,11.6
1997.50611,11.7125
1997.508849,11.6625
1997.511589,11.65
1997.514329,11.65
1997.517068,11.6375
1997.519808,11.55
1997.522548,11.2125
1997.525288,11.325
1997.528027,11.4875
1997.530767,11.5625
1997.533507,11.625
1997.536247,11.65
1997.538986,11.525
1997.541726,10.8375
1997.544466,10.725
1997.547205,10.9
1997.549945,11.025
1997.552685,11.0375
1997.555425,11.0375
1997.558164,11.0625
1997.560904,11.0875
1997.563644,11.175
1997.566384,11.2125
1997.569123,11.1375
1997.571863,11.1125
1997.574603,11.125
1997.577342,11.2875
1997.580082,11.15
1997.582822,11.225
1997.585562,11.65
1997.588301,11.7
1997.591041,11.7125
1997.593781,11.7125
1997.596521,11.7375
1997.59926,11.7625
1997.602,11.75
1997.60474,11.6875
1997.607479,11.6667
1997.610219,11.625
1997.612959,11.575
1997.615699,11.5625
1997.618438,11.6375
1997.621178,11.7375
1997.623918,12.175
1997.626658,12.35
1997.629397,12.2625
1997.632137,12.3375
1997.634877,12.4
1997.637616,12.2875
1997.640356,12.3625
1997.643096,12.3
1997.645836,12.3625
1997.648575,12.6375
1997.651315,12.6625
1997.654055,12.6625
1997.656795,12.6375
1997.659534,12.4375
1997.662274,12.475
1997.665014,12.6125
1997.667753,12.675
1997.670493,12.4875
1997.673233,12.4625
1997.675973,12.45
1997.678712,12.4375
1997.681452,12.5125
1997.684192,12.5
1997.686932,12.6375
1997.689671,12.975
1997.692411,13.1625
1997.695151,13.225
1997.69789,13.3
1997.70063,13.2875
1997.70337,13.3125
1997.70611,12.9625
1997.708849,12.8
1997.711589,13.4125
1997.714329,13.5875
1997.717068,13.6375
1997.719808,13.6625
1997.722548,13.675
1997.725288,13.7
1997.728027,13.6125
1997.730767,13.625
1997.733507,13.7625
1997.736247,13.875
1997.738986,13.775
1997.741726,13.875
1997.744466,13.5375
1997.747205,13.35
1997.749945,13.525
1997.752685,13.6875
1997.755425,13.85
1997.758164,14.0375
1997.760904,13.875
1997.763644,13.625
1997.766384,13.7375
1997.769123,13.8
1997.771863,13.925
1997.774603,13.9375
1997.777342,14.125
1997.780082,14.1625
1997.782822,14.075
1997.785562,14.0375
1997.788301,13.975
1997.791041,13.85
1997.793781,13.7875
1997.796521,13.8875
1997.79926,13.9875
1997.802,13.9625
1997.80474,13.85
1997.807479,13.775
1997.810219,13.725
1997.812959,13.7
1997.815699,13.6875
1997.818438,13.6375
1997.821178,13.6
1997.823918,13.525
1997.826658,13.4375
1997.829397,13.3875
1997.832137,13.4125
1997.834877,13.4125
1997.837616,13.3625
1997.840356,13.4125
1997.843096,13.3125
1997.845836,13.275
1997.848575,13.2875
1997.851315,13.25
1997.854055,13.2375
1997.856795,13.2
1997.859534,13.1875
1997.862274,13.1
1997.865014,13.025
1997.867753,13.1125
1997.870493,13.3
1997.873233,13.225
1997.875973,13.0375
1997.878712,13.15
1997.881452,13.2
1997.884192,13.1875
1997.886932,13.5375
1997.889671,13.5875
1997.892411,13.65
1997.895151,13.6375
1997.89789,13.5875
1997.90063,13.4875
1997.90337,13.4875
1997.90611,13.4875
1997.908849,13.4375
1997.911589,13.4125
1997.914329,13.3375
1997.917068,13.3
1997.919808,13.2
1997.922548,13.1875
1997.925288,13.15
1997.928027,13.0875
1997.930767,13
1997.933507,12.9875
1997.936247,12.9
1997.938986,12.775
1997.941726,12.75
1997.944466,12.7
1997.947205,12.6125
1997.949945,12.5625
1997.952685,12.5625
1997.955425,12.5125
1997.958164,12.45
1997.960904,12.375
1997.963644,12.2125
1997.966384,12.225
1997.969123,12.1875
1997.971863,12.1125
1997.974603,11.9125
1997.977342,11.5625
1997.980082,11.4375
1997.982822,11.3875
1997.985562,11.3125
1997.988301,11.05
1997.991041,11.15
1997.993781,11.075
1997.996521,11.15
1997.99926,11.325
1998.002,11.225
1998.00474,11.1125
1998.007479,10.875
1998.010219,10.8
1998.012959,10.725
1998.015699,10.7
1998.018438,10.725
1998.021178,10.7
1998.023918,10.7
1998.026658,10.725
1998.029397,10.7
1998.032137,10.7625
1998.034877,10.7125
1998.037616,10.6375
1998.040356,10.4875
1998.043096,10.525
1998.045836,10.5875
1998.048575,10.6125
1998.051315,10.5375
1998.054055,10.525
1998.056795,10.5
1998.059534,10.3
1998.062274,10.2375
1998.065014,10.1875
1998.067753,10.1875
1998.070493,10.125
1998.073233,10.1125
1998.075973,10.125
1998.078712,10.05
1998.081452,10
1998.084192,9.9625
1998.086932,10.0625
1998.089671,10.0833
1998.092411,9.078041667
1998.095151,9.029083333
1998.09789,9.015645833
1998.10063,10
1998.10337,9.975
1998.10611,10
1998.108849,9.9875
1998.111589,9.95
1998.114329,9.7625
1998.117068,9.7
1998.119808,9.65
1998.122548,9.725
1998.125288,9.5375
1998.128027,9.575
1998.130767,9.5375
1998.133507,9.575
1998.136247,9.5375
1998.138986,9.5875
1998.141726,9.6125
1998.144466,9.5375
1998.147205,9.4875
1998.149945,9.5
1998.152685,9.5
1998.155425,9.4
1998.158164,9.375
1998.160904,9.4
1998.163644,9.25
1998.166384,8.975
1998.169123,8.975
1998.171863,9
1998.174603,9
1998.177342,8.975
1998.180082,9
1998.182822,9.0125
1998.185562,9.0875
1998.188301,9.1875
1998.191041,9.0875
1998.193781,9.025
1998.196521,9.1
1998.19926,9.1625
1998.202,9.1875
1998.20474,9.1375
1998.207479,9.1
1998.210219,9.125
1998.212959,9.1375
1998.215699,9.175
1998.218438,9.1875
1998.221178,9.15
1998.223918,9.05
1998.226658,9.0125
1998.229397,9.025
1998.232137,9.0375
1998.234877,9.125
1998.237616,9.1125
1998.240356,9.1125
1998.243096,9.15
1998.245836,8.107570833
1998.248575,9.2
1998.251315,9.2
1998.254055,9.2
1998.256795,9.2
1998.259534,9.4125
1998.262274,9.475
1998.265014,9.45
1998.267753,9.4125
1998.270493,9.3
1998.273233,9.35
1998.275973,9.275
1998.278712,9.2125
1998.281452,9.2
1998.284192,9.2125
1998.286932,9.2
1998.289671,9.2
1998.292411,9.2
1998.295151,9.2
1998.29789,9.2
1998.30063,9.2625
1998.30337,9.2875
1998.30611,9.25
1998.308849,9.2
1998.311589,9.2
1998.314329,9.2
1998.317068,9.2
1998.319808,9.2
1998.322548,9.2
1998.325288,9.2
1998.328027,9.2
1998.330767,9.2
1998.333507,9.2
1998.336247,9.2
1998.338986,9.2
1998.341726,9.2125
1998.344466,9.2
1998.347205,9.2
1998.349945,9.2
1998.352685,9.2
1998.355425,9.2
1998.358164,9.2
1998.360904,9.4
1998.363644,9.1
1998.366384,9.1
1998.369123,9.1125
1998.371863,9.125
1998.374603,9.175
1998.377342,9.2
1998.380082,9.2
1998.382822,9.2
1998.385562,9.2
1998.388301,9.2
1998.391041,9.2
1998.393781,9.2
1998.396521,9.2
1998.39926,9.2
1998.402,9.2
1998.40474,9.2625
1998.407479,9.35
1998.410219,9.3125
1998.412959,9.375
1998.415699,9.5
1998.418438,9.425
1998.421178,9.5
1998.423918,9.5
1998.426658,9.45
1998.429397,9.4625
1998.432137,9.4875
1998.434877,9.525
1998.437616,9.5375
1998.440356,9.55
1998.443096,9.6375
1998.445836,9.7375
1998.448575,10.025
1998.451315,10.1625
1998.454055,10.25
1998.456795,10.4125
1998.459534,10.6125
1998.462274,10.85
1998.465014,11.0375
1998.467753,11.025
1998.470493,10.95
1998.473233,11
1998.475973,10.5
1998.478712,10.1625
1998.481452,10
1998.484192,9.9625
1998.486932,10.1
1998.489671,10.4
1998.492411,10.3625
1998.495151,10.45
1998.49789,10.6375
1998.50063,10.7
1998.50337,10.7
1998.50611,10.0375
1998.508849,9.7125
1998.511589,9.8625
1998.514329,10
1998.517068,10
1998.519808,10.1
1998.522548,10.2
1998.525288,10.2625
1998.528027,10.375
1998.530767,10.4375
1998.533507,10.4125
1998.536247,10.5
1998.538986,10.5
1998.541726,10.5375
1998.544466,10.6125
1998.547205,10.625
1998.549945,10.675
1998.552685,10.725
1998.555425,10.775
1998.558164,10.85
1998.560904,11.0125
1998.563644,11.3
1998.566384,11.5625
1998.569123,11.775
1998.571863,11.975
1998.574603,12.025
1998.577342,12.0875
1998.580082,11.7625
1998.582822,11.875
1998.585562,12
1998.588301,11.6125
1998.591041,11.4
1998.593781,12.05
1998.596521,11.3
1998.59926,11.4125
1998.602,10.9625
1998.60474,11.35
1998.607479,12.075
1998.610219,12.175
1998.612959,12.175
1998.615699,12.35
1998.618438,12.475
1998.621178,12.375
1998.623918,12.2125
1998.626658,12.4875
1998.629397,12.25
1998.632137,12.525
1998.634877,12.4
1998.637616,11.8375
1998.640356,12.225
1998.643096,11.85
1998.645836,12.25
1998.648575,12.6
1998.651315,12.6
1998.654055,12.6375
1998.656795,12.8625
1998.659534,12.875
1998.662274,12.35
1998.665014,12.75
1998.667753,12.6625
1998.670493,11.9
1998.673233,12.35687159
1998.675973,12.34616932
1998.678712,12.40406023
1998.681452,12.54584659
1998.684192,12.47387955
1998.686932,12.48564318
1998.689671,12.57634205
1998.692411,12.65120909
1998.695151,12.71997614
1998.69789,12.70061023
1998.70063,12.7382375
1998.70337,12.91202955
1998.70611,13.04668636
1998.708849,13.12503523
1998.711589,13.15395568
1998.714329,13.24708977
1998.717068,13.17785114
1998.719808,13.25939205
1998.722548,13.29379659
1998.725288,12.9
1998.728027,12.8125
1998.730767,12.9375
1998.733507,13.0625
1998.736247,12.9
1998.738986,13.0375
1998.741726,12.8875
1998.744466,12.925
1998.747205,12.975
1998.749945,13.35
1998.752685,13.5375
1998.755425,13.75
1998.758164,13.8625
1998.760904,13.95
1998.763644,13.9875
1998.766384,13.9375
1998.769123,14.0125
1998.771863,13.875
1998.774603,13.825
1998.777342,13.95
1998.780082,13.7375
1998.782822,13.2
1998.785562,13.2125
1998.788301,13.2375
1998.791041,13.2625
1998.793781,13.35
1998.796521,13.6125
1998.79926,13.575
1998.802,13.575
1998.80474,13.525
1998.807479,13.6
1998.810219,13.6
1998.812959,13.6
1998.815699,13.5125
1998.818438,13.425
1998.821178,13.4
1998.823918,13.3
1998.826658,13.1375
1998.829397,13.0125
1998.832137,12.925
1998.834877,12.8375
1998.837616,12.7375
1998.840356,12.8571
1998.843096,12.8125
1998.845836,12.7889
1998.848575,12.7
1998.851315,12.675
1998.854055,12.6375
1998.856795,12.5125
1998.859534,12.4
1998.862274,12.2667
1998.865014,13.07121354
1998.867753,13.01477083
1998.870493,12.93804792
1998.873233,12.92967708
1998.875973,12.91273229
1998.878712,12.88546875
1998.881452,12.86696875
1998.884192,12.81410417
1998.886932,12.68980417
1998.889671,12.58929792
1998.892411,12.54243542
1998.895151,12.56244271
1998.89789,12.54297292
1998.90063,12.45032396
1998.90337,12.38125938
1998.90611,12.3419125
1998.908849,12.29624271
1998.911589,12.2586125
1998.914329,12.19784375
1998.917068,12.10960833
1998.919808,12.08083409
1998.922548,12.02025208
1998.925288,11.964875
1998.928027,11.90279167
1998.930767,11.84263438
1998.933507,11.76865729
1998.936247,11.66673333
1998.938986,11.58849688
1998.941726,11.48963021
1998.944466,11.44167708
1998.947205,11.42181563
1998.949945,11.39776667
1998.952685,11.32589479
1998.955425,11.28006667
1998.958164,11.24502604
1998.960904,11.20378542
1998.963644,11.17861458
1998.966384,11.1561
1998.969123,11.06074479
1998.971863,10.97622604
1998.974603,10.98620729
1998.977342,10.91287292
1998.980082,10.87901771
1998.982822,10.83910833
1998.985562,10.8212125
1998.988301,10.71607083
1998.991041,10.68104063
1998.993781,10.67181979
1998.996521,10.63746563
1998.99926,10.64514688
1999.002,10.45978438
1999.00474,10.44940729
1999.007479,10.39987917
1999.010219,10.32824271
1999.012959,10.27911042
1999.015699,10.24934135
1999.018438,10.31361979
1999.021178,10.28248229
1999.023918,10.18725208
1999.026658,10.17931146
1999.029397,10.12336591
1999.032137,10.10734091
1999.034877,10.06412159
1999.037616,10.00296818
1999.040356,9.974207292
1999.043096,9.940730208
1999.045836,9.8639875
1999.048575,9.770510417
1999.051315,9.755215625
1999.054055,9.736907292
1999.056795,9.713672917
1999.059534,9.68508125
1999.062274,9.627567708
1999.065014,9.572097917
1999.067753,9.530491667
1999.070493,9.434667708
1999.073233,9.367846875
1999.075973,9.2973375
1999.078712,9.247060417
1999.081452,9.231323958
1999.084192,9.160646667
1999.086932,9.1410625
1999.089671,9.117854167
1999.092411,9.078041667
1999.095151,9.029083333
1999.09789,9.015645833
1999.10063,9.007333333
1999.10337,8.951166667
1999.10611,8.9065625
1999.108849,8.827020833
1999.111589,8.743708333
1999.114329,8.719791667
1999.117068,8.674520833
1999.119808,8.631958333
1999.122548,8.5841875
1999.125288,8.575041667
1999.128027,8.55825
1999.130767,8.555041667
1999.133507,8.534145833
1999.136247,8.543333333
1999.138986,8.528625
1999.141726,8.502520833
1999.144466,8.5203125
1999.147205,8.511854167
1999.149945,8.454645833
1999.152685,8.406041667
1999.155425,8.331045455
1999.158164,8.307409091
1999.160904,8.310690909
1999.163644,8.314777273
1999.166384,8.24965
1999.169123,8.258309091
1999.171863,8.249195455
1999.174603,8.230468182
1999.177342,8.223536364
1999.180082,8.2109
1999.182822,8.215741667
1999.185562,8.206825
1999.188301,8.222041667
1999.191041,8.2192375
1999.193781,8.205108333
1999.196521,8.1982
1999.19926,8.18495
1999.202,8.200354167
1999.20474,8.193804167
1999.207479,8.1493
1999.210219,8.121279167
1999.212959,8.112554167
1999.215699,8.1069625
1999.218438,8.1161875
1999.221178,8.117733333
1999.223918,8.135295833
1999.226658,8.155291667
1999.229397,8.153691667
1999.232137,8.149958333
1999.234877,8.143041667
1999.237616,8.126154167
1999.240356,8.121258333
1999.243096,8.11665
1999.245836,8.107570833
1999.248575,8.1033625
1999.251315,8.104904167
1999.254055,8.105270833
1999.256795,8.101275
1999.259534,8.096633333
1999.262274,8.090545833
1999.265014,8.093816667
1999.267753,8.077783333
1999.270493,8.16
1999.273233,8.175
1999.275973,8.175
1999.278712,8.2
1999.281452,8.1625
1999.284192,8.1875
1999.286932,8.2
1999.289671,8.2
1999.292411,8.225
1999.295151,8.325
1999.29789,8.275
1999.30063,8.3625
1999.30337,8.35
1999.30611,8.4375
1999.308849,8.4
1999.311589,8.4
1999.314329,8.4
1999.317068,8.425
1999.319808,8.475
1999.322548,8.45
1999.325288,8.5375
1999.328027,8.55
1999.330767,8.55
1999.333507,8.5625
1999.336247,8.6125
1999.338986,8.55
1999.341726,8.4625
1999.344466,8.4625
1999.347205,8.4875
1999.349945,8.4375
1999.352685,8.6
1999.355425,8.65
1999.358164,8.6375
1999.360904,8.6625
1999.363644,8.7375
1999.366384,8.7
1999.369123,8.65
1999.371863,8.6625
1999.374603,8.5625
1999.377342,8.5125
1999.380082,8.525
1999.382822,8.6125
1999.385562,8.625
1999.388301,8.5
1999.391041,8.4375
1999.393781,8.6
1999.396521,8.9875
1999.39926,8.675
1999.402,8.825
1999.40474,9.1
1999.407479,9.2
1999.410219,9.2
1999.412959,9.1
1999.415699,9.1125
1999.418438,9.0875
1999.421178,9.075
1999.423918,9.1375
1999.426658,9.275
1999.429397,9.7125
1999.432137,9.5875
1999.434877,9.4125
1999.437616,9.425
1999.440356,9.5875
1999.443096,9.6
1999.445836,9.575
1999.448575,9.5375
1999.451315,9.6375
1999.454055,9.725
1999.456795,9.8375
1999.459534,9.825
1999.462274,9.675
1999.465014,9.7375
1999.467753,9.6125
1999.470493,9.6625
1999.473233,9.88
1999.475973,9.875
1999.478712,9.8375
1999.481452,9.7875
1999.484192,9.775
1999.486932,9.85
1999.489671,9.9875
1999.492411,10.0875
1999.495151,10.1375
1999.49789,10.1125
1999.50063,10.1375
1999.50337,10.275
1999.50611,10.15
1999.508849,10.0625
1999.511589,10.1375
1999.514329,10.1625
1999.517068,10.4625
1999.519808,10.5375
1999.522548,10.4375
1999.525288,10.1625
1999.528027,10.2125
1999.530767,10.3375
1999.533507,10.45
1999.536247,10.425
1999.538986,10.4625
1999.541726,10.4625
1999.544466,10.475
1999.547205,10.75
1999.549945,11.1375
1999.552685,10.7625
1999.555425,10.675
1999.558164,10.675
1999.560904,10.4125
1999.563644,10.25
1999.566384,10.3
1999.569123,10.3375
1999.571863,10.7125
1999.574603,10.9125
1999.577342,10.9
1999.580082,10.875
1999.582822,10.575
1999.585562,10.575
1999.588301,10.8625
1999.591041,10.875
1999.593781,11.0125
1999.596521,11.175
1999.59926,11.5375
1999.602,11.75
1999.60474,11.9
1999.607479,10.925
1999.610219,10.925
1999.612959,11.2625
1999.615699,10.9875
1999.618438,11.475
1999.621178,11.5875
1999.623918,11.275
1999.626658,11.1625
1999.629397,10.9
1999.632137,11.3375
1999.634877,11.575
1999.637616,11.875
1999.640356,12.0625
1999.643096,12.225
1999.645836,12.4
1999.648575,12.1875
1999.651315,11.975
1999.654055,11.7875
1999.656795,12.2
1999.659534,12.1125
1999.662274,11.7
1999.665014,11.4875
1999.667753,12.15
1999.670493,12.3
1999.673233,12.275
1999.675973,12.5875
1999.678712,11.8625
1999.681452,11.5375
1999.684192,11.4875
1999.686932,11.6375
1999.689671,11.95
1999.692411,12.6
1999.695151,13.0375
1999.69789,13.3125
1999.70063,13.425
1999.70337,13.475
1999.70611,13.5125
1999.708849,13.4125
1999.711589,13.4875
1999.714329,13.275
1999.717068,13.5
1999.719808,13.35
1999.722548,12.875
1999.725288,13.175
1999.728027,13.3
1999.730767,13.2125
1999.733507,13.275
1999.736247,13.2875
1999.738986,13.4
1999.741726,13.4875
1999.744466,13.5125
1999.747205,13.6
1999.749945,13.625
1999.752685,13.625
1999.755425,13.725
1999.758164,14.025
1999.760904,14.4375
1999.763644,14.9625
1999.766384,15.05
1999.769123,14.8625
1999.771863,14.3125
1999.774603,13.9375
1999.777342,13.775
1999.780082,13.9125
1999.782822,14.05
1999.785562,14.0625
1999.788301,14.0375
1999.791041,14.1
1999.793781,14.4875
1999.796521,14.0875
1999.79926,14
1999.802,13.85
1999.80474,14.1625
1999.807479,14.4875
1999.810219,14.4375
1999.812959,14.4
1999.815699,14.36
1999.818438,14.3125
1999.821178,14.225
1999.823918,14.2
1999.826658,14.1
1999.829397,14.275
1999.832137,14.125
1999.834877,14.3625
1999.837616,14.1
1999.840356,13.825
1999.843096,13.6625
1999.845836,13.5125
1999.848575,13.3
1999.851315,13.4125
1999.854055,13.675
1999.856795,13.7
1999.859534,13.7
1999.862274,13.675
1999.865014,13.5125
1999.867753,13.5125
1999.870493,13.5
1999.873233,13.5875
1999.875973,13.7
1999.878712,13.6
1999.881452,13.275
1999.884192,13.15
1999.886932,13.1625
1999.889671,13.15
1999.892411,12.9875
1999.895151,12.9125
1999.89789,12.9625
1999.90063,12.975
1999.90337,12.8875
1999.90611,12.6
1999.908849,12.475
1999.911589,12.4375
1999.914329,12.3125
1999.917068,12.2625
1999.919808,12.3125
1999.922548,12.2375
1999.925288,11.9375
1999.928027,11.35
1999.930767,11.15
1999.933507,11.1625
1999.936247,11.4875
1999.938986,11.525
1999.941726,11.325
1999.944466,11.325
1999.947205,11.35
1999.949945,11.3125
1999.952685,11.2375
1999.955425,11.2
1999.958164,11.3875
1999.960904,11.175
1999.963644,10.9375
1999.966384,10.88
1999.969123,11
1999.971863,10.8
1999.974603,10.6625
1999.977342,10.675
1999.980082,10.6375
1999.982822,10.4625
1999.985562,10.3875
1999.988301,10.3875
1999.991041,10.35
1999.993781,10.2625
1999.996521,10.3375
1999.99926,10.3
2000.002,10.3125
2000.004732,9.8125
2000.007464,9.975
2000.010197,9.9125
2000.012929,9.725
2000.015661,9.5875
2000.018393,9.6125
2000.021126,9.475
2000.023858,9.6
2000.02659,9.775
2000.029322,9.7625
2000.032055,9.6875
2000.034787,9.75
2000.037519,9.7875
2000.040251,9.6625
2000.042984,9.4625
2000.045716,9.4375
2000.048448,9.3375
2000.05118,9.35
2000.053913,9.3
2000.056645,9.25
2000.059377,9.3625
2000.062109,9.25
2000.064842,9.3
2000.067574,9.2875
2000.070306,9.275
2000.073038,9.3
2000.07577,9.3125
2000.078503,9.3
2000.081235,9.2875
2000.083967,9.2125
2000.086699,9.2375
2000.089432,9.0375
2000.092164,8.5625
2000.094896,8.525
2000.097628,8.6
2000.100361,8.9875
2000.103093,9.075
2000.105825,8.8625
2000.108557,8.65
2000.11129,8.9
2000.114022,8.45
2000.116754,8.3625
2000.119486,8.4
2000.122219,8.35
2000.124951,8.4
2000.127683,8.3375
2000.130415,8.275
2000.133148,8.2125
2000.13588,8.1333
2000.138612,8.528625
2000.141344,8.502520833
2000.144077,8.5203125
2000.146809,8.511854167
2000.149541,8.454645833
2000.152273,8.406041667
2000.155005,8.331045455
2000.157738,8.307409091
2000.16047,8.310690909
2000.163202,8.314777273
2000.165934,8.24965
2000.168667,8.258309091
2000.171399,8.249195455
2000.174131,8.230468182
2000.176863,8.223536364
2000.179596,8.2109
2000.182328,8.215741667
2000.18506,8.206825
2000.187792,8.222041667
2000.190525,8.2192375
2000.193257,8.205108333
2000.195989,8.1982
2000.198721,8.18495
2000.201454,8.200354167
2000.204186,8.193804167
2000.206918,8.1493
2000.20965,8.121279167
2000.212383,8.112554167
2000.215115,8.1069625
2000.217847,8.1161875
2000.220579,8.117733333
2000.223311,8.135295833
2000.226044,8.155291667
2000.228776,8.153691667
2000.231508,8.149958333
2000.23424,8.143041667
2000.236973,8.126154167
2000.239705,8.121258333
2000.242437,8.11665
2000.245169,8.107570833
2000.247902,8.1033625
2000.250634,8.104904167
2000.253366,8.105270833
2000.256098,8.101275
2000.258831,8.096633333
2000.261563,8.090545833
2000.264295,8.093816667
2000.267027,8.3429
2000.26976,8.35
2000.272492,8.4
2000.275224,8.4
2000.277956,8.4
2000.280689,8.4
2000.283421,8.4
2000.286153,8.4
2000.288885,8.4
2000.291617,8.4
2000.29435,8.4
2000.297082,8.4
2000.299814,8.4
2000.302546,8.4
2000.305279,8.4
2000.308011,8.4
2000.310743,8.4
2000.313475,8.4
2000.316208,8.4
2000.31894,8.4
2000.321672,8.525
2000.324404,8.6125
2000.327137,8.725
2000.329869,8.75
2000.332601,8.725
2000.335333,8.6375
2000.338066,8.45
2000.340798,8.425
2000.34353,8.4625
2000.346262,8.525
2000.348995,8.4625
2000.351727,8.45
2000.354459,8.45
2000.357191,8.425
2000.359923,8.4125
2000.362656,8.6625
2000.365388,8.675
2000.36812,8.625
2000.370852,8.55
2000.373585,8.55
2000.376317,8.4
2000.379049,8.425
2000.381781,8.525
2000.384514,8.6
2000.387246,8.625
2000.389978,8.65
2000.39271,8.7
2000.395443,8.775
2000.398175,8.825
2000.400907,8.9375
2000.403639,8.8875
2000.406372,9.0875
2000.409104,8.9625
2000.411836,9.025
2000.414568,9.0375
2000.417301,9.0125
2000.420033,9
2000.422765,9.0375
2000.425497,9.1125
2000.42823,9.1375
2000.430962,9.1125
2000.433694,9.1
2000.436426,9.15
2000.439158,9.1625
2000.441891,9.1375
2000.444623,9.1875
2000.447355,9.1
2000.450087,9.1375
2000.45282,9.525
2000.455552,9.7625
2000.458284,9.6875
2000.461016,9.55
2000.463749,9.85
2000.466481,10
2000.469213,9.607894231
2000.471945,10
2000.474678,9.9375
2000.47741,9.95
2000.480142,9.6875
2000.482874,9.7
2000.485607,9.9
2000.488339,9.675
2000.491071,9.75
2000.493803,10.0125
2000.496536,10.075
2000.499268,10.0875
2000.502,10.025
2000.504732,10
2000.507464,9.9875
2000.510197,10.0375
2000.512929,10.175
2000.515661,10.2
2000.518393,9.875
2000.521126,9.725
2000.523858,9.7
2000.52659,9.7375
2000.529322,9.7875
2000.532055,9.8125
2000.534787,9.825
2000.537519,9.7625
2000.540251,9.8125
2000.542984,9.875
2000.545716,9.9125
2000.548448,10.0125
2000.55118,10.125
2000.553913,10.1875
2000.556645,10.2
2000.559377,10.225
2000.562109,10.3625
2000.564842,10.4625
2000.567574,10.5625
2000.570306,10.65
2000.573038,10.55
2000.57577,10.6375
2000.578503,10.5875
2000.581235,10.6125
2000.583967,10.7125
2000.586699,10.7875
2000.589432,10.9125
2000.592164,11.2
2000.594896,11.4875
2000.597628,11.575
2000.600361,11.2625
2000.603093,11.4125
2000.605825,12.225
2000.608557,11.425
2000.61129,10.75
2000.614022,10.725
2000.616754,10.875
2000.619486,11.4375
2000.622219,12.2375
2000.624951,12.0875
2000.627683,12.0875
2000.630415,11.7125
2000.633148,11.525
2000.63588,12.25
2000.638612,12.75
2000.641344,12.55
2000.644077,12.525
2000.646809,11.8
2000.649541,12.4
2000.652273,11.5125
2000.655005,11.6125
2000.657738,11.775
2000.66047,12.075
2000.663202,12.7
2000.665934,12.4875
2000.668667,12.1125
2000.671399,12.65
2000.674131,12.825
2000.676863,12.58
2000.679596,12.675
2000.682328,12.9
2000.68506,12.175
2000.687792,12.625
2000.690525,12.5875
2000.693257,13.4875
2000.695989,13.4
2000.698721,13.3625
2000.701454,13.4
2000.704186,13.1
2000.706918,12.65
2000.70965,12.7125
2000.712383,12.85
2000.715115,13.275
2000.717847,13.175
2000.720579,13.0125
2000.723311,12.925
2000.726044,13.275
2000.728776,13.5625
2000.731508,13.775
2000.73424,13.7375
2000.736973,13.65
2000.739705,13.6625
2000.742437,13.3625
2000.745169,13.325
2000.747902,13.4125
2000.750634,13.55
2000.753366,13.5625
2000.756098,13.55
2000.758831,13.825
2000.761563,13.9
2000.764295,13.9125
2000.767027,13.85
2000.76976,13.5625
2000.772492,13.9125
2000.775224,13.6
2000.777956,13.4375
2000.780689,13.8375
2000.783421,14.075
2000.786153,13.925
2000.788885,13.9
2000.791617,14
2000.79435,14.0875
2000.797082,14.2625
2000.799814,14.1
2000.802546,13.8375
2000.805279,13.6875
2000.808011,13.675
2000.810743,13.675
2000.813475,13.6125
2000.816208,13.6375
2000.81894,13.5125
2000.821672,13.6125
2000.824404,13.65
2000.827137,13.6125
2000.829869,13.4125
2000.832601,13.5
2000.835333,13.475
2000.838066,13.4625
2000.840798,13.4
2000.84353,13.2375
2000.846262,13.075
2000.848995,13.2
2000.851727,13.6875
2000.854459,13.525
2000.857191,13.4625
2000.859923,13.35
2000.862656,13.3
2000.865388,13.25
2000.86812,13.1625
2000.870852,12.9875
2000.873585,12.9875
2000.876317,12.9
2000.879049,12.9
2000.881781,12.8875
2000.884514,12.8375
2000.887246,12.72
2000.889978,12.4875
2000.89271,12.15
2000.895443,12.0375
2000.898175,12.05
2000.900907,12.1125
2000.903639,12.2
2000.906372,12.1875
2000.909104,12.0375
2000.911836,11.95
2000.914568,11.875
2000.917301,11.8625
2000.920033,11.8125
2000.922765,11.8
2000.925497,11.8
2000.92823,11.7125
2000.930962,11.6375
2000.933694,11.525
2000.936426,11.4875
2000.939158,11.55
2000.941891,11.5
2000.944623,11.4875
2000.947355,11.45
2000.950087,11.3
2000.95282,11.3
2000.955552,11.25
2000.958284,11.1875
2000.961016,11.1
2000.963749,11
2000.966481,11.025
2000.969213,10.9125
2000.971945,10.975
2000.974678,11.0375
2000.97741,11.0125
2000.980142,11.1125
2000.982874,10.7625
2000.985607,10.6375
2000.988339,10.675
2000.991071,10.7
2000.993803,10.6625
2000.996536,10.6125
2000.999268,10.475
2001.002,10.2875
2001.00474,10.1875
2001.007479,10.025
2001.010219,10.0875
2001.012959,10.0625
2001.015699,10.1625
2001.018438,10.1875
2001.021178,10.2
2001.023918,10.1875
2001.026658,10.1625
2001.029397,10.1125
2001.032137,9.95
2001.034877,9.775
2001.037616,9.7
2001.040356,9.6375
2001.043096,9.55
2001.045836,9.5375
2001.048575,9.5625
2001.051315,9.525
2001.054055,9.4875
2001.056795,9.5
2001.059534,9.425
2001.062274,9.2
2001.065014,9.2
2001.067753,9.2
2001.070493,9.1875
2001.073233,9.175
2001.075973,9.125
2001.078712,9.1125
2001.081452,9.125
2001.084192,9.1
2001.086932,9.1
2001.089671,9.1
2001.092411,9.1
2001.095151,9.075
2001.09789,8.9625
2001.10063,8.7625
2001.10337,8.5375
2001.10611,8.5
2001.108849,8.425
2001.111589,8.4
2001.114329,8.4
2001.117068,8.4
2001.119808,8.4
2001.122548,8.4
2001.125288,8.4
2001.128027,8.4
2001.130767,8.4
2001.133507,8.4
2001.136247,8.4
2001.138986,8.4
2001.141726,8.4
2001.144466,8.4
2001.147205,8.4
2001.149945,8.4
2001.152685,8.25
2001.155425,8.02
2001.158164,7.9875
2001.160904,7.95
2001.163644,7.9875
2001.166384,7.95
2001.169123,7.95
2001.171863,7.825
2001.174603,7.8625
2001.177342,7.9375
2001.180082,7.8
2001.182822,7.825
2001.185562,7.8125
2001.188301,7.8
2001.191041,7.7375
2001.193781,7.7375
2001.196521,7.7625
2001.19926,7.8
2001.202,7.775
2001.20474,7.6875
2001.207479,7.625
2001.210219,7.6
2001.212959,7.6
2001.215699,7.6
2001.218438,7.5375
2001.221178,7.55
2001.223918,7.575
2001.226658,7.525
2001.229397,7.4875
2001.232137,7.475
2001.234877,7.35
2001.237616,7.3875
2001.240356,7.425
2001.243096,7.4625
2001.245836,7.55
2001.248575,7.6
2001.251315,7.5875
2001.254055,7.6
2001.256795,7.6
2001.259534,7.5875
2001.262274,7.575
2001.265014,7.575
2001.267753,7.575
2001.270493,7.6
2001.273233,7.5875
2001.275973,7.6
2001.278712,7.575
2001.281452,7.5875
2001.284192,7.5875
2001.286932,7.6
2001.289671,7.6
2001.292411,7.6
2001.295151,7.6
2001.29789,7.55
2001.30063,7.525
2001.30337,7.5375
2001.30611,7.5375
2001.308849,7.575
2001.311589,7.5125
2001.314329,7.5
2001.317068,7.5375
2001.319808,7.5375
2001.322548,7.6
2001.325288,7.625
2001.328027,7.6
2001.330767,7.6
2001.333507,7.6
2001.336247,7.5875
2001.338986,7.6
2001.341726,7.6
2001.344466,7.6
2001.347205,7.6
2001.349945,7.6
2001.352685,7.6
2001.355425,7.6
2001.358164,7.6
2001.360904,7.6
2001.363644,7.6
2001.366384,7.6
2001.369123,7.6
2001.371863,7.6
2001.374603,7.6
2001.377342,7.6
2001.380082,7.6
2001.382822,7.6
2001.385562,7.64
2001.388301,7.6875
2001.391041,7.6625
2001.393781,7.7125
2001.396521,7.7375
2001.39926,7.875
2001.402,7.9
2001.40474,7.9125
2001.407479,7.8375
2001.410219,7.8
2001.412959,7.825
2001.415699,7.8
2001.418438,7.7625
2001.421178,7.75
2001.423918,7.8
2001.426658,7.8625
2001.429397,7.95
2001.432137,8.0625
2001.434877,8.15
2001.437616,8.275
2001.440356,8.4
2001.443096,8.4125
2001.445836,8.4625
2001.448575,8.5125
2001.451315,8.625
2001.454055,8.6125
2001.456795,8.5125
2001.459534,8.55
2001.462274,8.6
2001.465014,8.7125
2001.467753,8.425
2001.470493,8.2375
2001.473233,8.3375
2001.475973,8.4375
2001.478712,8.675
2001.481452,8.8714
2001.484192,8.7125
2001.486932,9.15
2001.489671,9.25
2001.492411,9.1375
2001.495151,9.1125
2001.49789,8.7
2001.50063,8.5375
2001.50337,9.1625
2001.50611,9.275
2001.508849,8.975
2001.511589,8.825
2001.514329,8.8375
2001.517068,8.9
2001.519808,9.0125
2001.522548,9.1625
2001.525288,9.0375
2001.528027,9.1875
2001.530767,9.2
2001.533507,9.6125
2001.536247,9.4
2001.538986,9.625
2001.541726,10.075
2001.544466,10.3375
2001.547205,10.6
2001.549945,10.62
2001.552685,10.45
2001.555425,10.2375
2001.558164,10.2
2001.560904,10.4
2001.563644,10.2125
2001.566384,10.0875
2001.569123,10.5375
2001.571863,10.1375
2001.574603,10.275
2001.577342,10.0125
2001.580082,10
2001.582822,9.875
2001.585562,9.7625
2001.588301,10
2001.591041,10.075
2001.593781,9.95
2001.596521,9.9125
2001.59926,10.125
2001.602,10.575
2001.60474,10.7
2001.607479,10.675
2001.610219,10.675
2001.612959,11.0625
2001.615699,11
2001.618438,10.4625
2001.621178,11.175
2001.623918,11.675
2001.626658,11.7875
2001.629397,11.875
2001.632137,11.9875
2001.634877,12.0625
2001.637616,11.6625
2001.640356,11.2625
2001.643096,11.275
2001.645836,11.4125
2001.648575,11.675
2001.651315,12.125
2001.654055,12.3
2001.656795,12.16
2001.659534,12.3775
2001.662274,12.3638
2001.665014,12.5288
2001.667753,12.54
2001.670493,12.27
2001.673233,12.34
2001.675973,12.07
2001.678712,11.4775
2001.681452,11.4888
2001.684192,11.9388
2001.686932,12.4
2001.689671,12.7563
2001.692411,12.8275
2001.695151,12.875
2001.69789,12.7438
2001.70063,12.115
2001.70337,11.4075
2001.70611,11.49
2001.708849,11.915
2001.711589,12.7313
2001.714329,13.1475
2001.717068,13.0888
2001.719808,12.9113
2001.722548,12.65
2001.725288,12.7338
2001.728027,12.7575
2001.730767,12.6488
2001.733507,12.9225
2001.736247,13.1738
2001.738986,13.1838
2001.741726,13.1725
2001.744466,13.3138
2001.747205,13.1363
2001.749945,12.8388
2001.752685,12.4488
2001.755425,12.5525
2001.758164,12.6488
2001.760904,12.7675
2001.763644,12.8175
2001.766384,12.8863
2001.769123,12.9575
2001.771863,12.9825
2001.774603,13.02
2001.777342,13.0538
2001.780082,13.1475
2001.782822,13.3038
2001.785562,13.4788
2001.788301,13.5025
2001.791041,13.515
2001.793781,13.5525
2001.796521,13.6238
2001.79926,13.6238
2001.802,13.565
2001.80474,13.565
2001.807479,13.5525
2001.810219,13.54
2001.812959,13.515
2001.815699,13.515
2001.818438,13.4563
2001.821178,13.49
2001.823918,13.4675
2001.826658,13.49
2001.829397,13.49
2001.832137,13.49
2001.834877,13.418
2001.837616,13.3375
2001.840356,13.3125
2001.843096,13.2888
2001.845836,13.255
2001.848575,13.21
2001.851315,13.1488
2001.854055,13.0313
2001.856795,12.9325
2001.859534,12.92
2001.862274,12.92
2001.865014,12.8725
2001.867753,12.4475
2001.870493,12.5175
2001.873233,12.4838
2001.875973,12.5288
2001.878712,12.5888
2001.881452,12.6125
2001.884192,12.5525
2001.886932,12.5525
2001.889671,12.54
2001.892411,12.5175
2001.895151,12.5175
2001.89789,12.1988
2001.90063,12.54
2001.90337,12.3875
2001.90611,12.1738
2001.908849,12.0775
2001.911589,12.0438
2001.914329,11.8688
2001.917068,11.8575
2001.919808,12.0575
2001.922548,12.07
2001.925288,11.8225
2001.928027,11.7888
2001.930767,11.814
2001.933507,11.825
2001.936247,11.75
2001.938986,11.7
2001.941726,11.7
2001.944466,11.4625
2001.947205,11.35
2001.949945,11.3125
2001.952685,11.3375
2001.955425,11.375
2001.958164,11.3125
2001.960904,11.275
2001.963644,11.2125
2001.966384,11.1875
2001.969123,11.125
2001.971863,11.175
2001.974603,11.025
2001.977342,10.975
2001.980082,10.85
2001.982822,10.8125
2001.985562,10.8125
2001.988301,10.725
2001.991041,10.5875
2001.993781,10.25
2001.996521,10.2625
2001.99926,10.3875
2002.002,10.3625
2002.00474,10.0875
2002.007479,9.85
2002.010219,9.625
2002.012959,9.7625
2002.015699,9.2
2002.018438,8.9375
2002.021178,8.96
2002.023918,9.1
2002.026658,8.5125
2002.029397,8.4375
2002.032137,8.9625
2002.034877,8.625
2002.037616,8.825
2002.040356,9.1125
2002.043096,9.1625
2002.045836,9.2125
2002.048575,9.1625
2002.051315,9.2
2002.054055,9.325
2002.056795,9.35
2002.059534,9.2125
2002.062274,9.2
2002.065014,9.2
2002.067753,9.225
2002.070493,9.3375
2002.073233,9.2625
2002.075973,9.2125
2002.078712,9.2
2002.081452,9.2
2002.084192,9.2
2002.086932,9.2
2002.089671,9.2
2002.092411,9.2
2002.095151,9.2
2002.09789,9.2
2002.10063,9.2
2002.10337,9.1875
2002.10611,9.175
2002.108849,9.2
2002.111589,9.175
2002.114329,9.1375
2002.117068,9.1875
2002.119808,9.2
2002.122548,9.1
2002.125288,9.1375
2002.128027,9.1
2002.130767,9.1
2002.133507,9.075
2002.136247,9.0125
2002.138986,8.7125
2002.141726,8.5125
2002.144466,8.575
2002.147205,8.4
2002.149945,8.1875
2002.152685,8.175
2002.155425,8.175
2002.158164,8.1125
2002.160904,8.0375
2002.163644,8.025
2002.166384,8.0125
2002.169123,8
2002.171863,8
2002.174603,8
2002.177342,8.0875
2002.180082,8.0375
2002.182822,8
2002.185562,7.9875
2002.188301,7.9375
2002.191041,7.925
2002.193781,7.975
2002.196521,7.95
2002.19926,7.8625
2002.202,7.8125
2002.20474,7.8125
2002.207479,7.85
2002.210219,7.85
2002.212959,7.8625
2002.215699,7.8875
2002.218438,7.875
2002.221178,7.8625
2002.223918,7.925
2002.226658,7.9
2002.229397,7.925
2002.232137,7.925
2002.234877,7.9375
2002.237616,7.9625
2002.240356,7.9875
2002.243096,7.9875
2002.245836,8
2002.248575,8
2002.251315,8
2002.254055,8
2002.256795,7.975
2002.259534,7.9125
2002.262274,7.9125
2002.265014,7.975
2002.267753,8
2002.270493,8.025
2002.273233,8.1375
2002.275973,8.1625
2002.278712,8.175
2002.281452,8.25
2002.284192,8.325
2002.286932,8.4
2002.289671,8.4
2002.292411,8.4
2002.295151,8.4
2002.29789,8.4
2002.30063,8.4
2002.30337,8.4
2002.30611,8.4
2002.308849,8.4
2002.311589,8.275
2002.314329,8.175
2002.317068,8.15
2002.319808,8.05
2002.322548,8.0625
2002.325288,8.025
2002.328027,8.025
2002.330767,8.1125
2002.333507,8.2
2002.336247,8.2625
2002.338986,8.3625
2002.341726,8.525
2002.344466,8.7375
2002.347205,8.98
2002.349945,9.0125
2002.352685,9.075
2002.355425,9.025
2002.358164,9.05
2002.360904,8.9375
2002.363644,8.7625
2002.366384,8.7625
2002.369123,8.825
2002.371863,8.8125
2002.374603,8.725
2002.377342,8.725
2002.380082,8.85
2002.382822,8.9125
2002.385562,8.925
2002.388301,8.8875
2002.391041,9.05
2002.393781,9.1125
2002.396521,9.15
2002.39926,9.0875
2002.402,9.075
2002.40474,9.15
2002.407479,9.225
2002.410219,9.35
2002.412959,9.4125
2002.415699,9.3375
2002.418438,9.225
2002.421178,9.025
2002.423918,9
2002.426658,8.9875
2002.429397,9.0375
2002.432137,9.025
2002.434877,9.075
2002.437616,8.95
2002.440356,9.2125
2002.443096,9.1875
2002.445836,9.2875
2002.448575,9.175
2002.451315,9.1125
2002.454055,9.1625
2002.456795,9.2
2002.459534,9.2
2002.462274,9.1375
2002.465014,9.4125
2002.467753,9.7375
2002.470493,10.3125
2002.473233,10.3125
2002.475973,10.4625
2002.478712,10.3
2002.481452,10.36
2002.484192,10.3375
2002.486932,10.3
2002.489671,10.2875
2002.492411,10.425
2002.495151,10.3125
2002.49789,10.4125
2002.50063,10.275
2002.50337,10.3
2002.50611,10.0125
2002.508849,10.2
2002.511589,10.2
2002.514329,9.8625
2002.517068,9.8125
2002.519808,9.825
2002.522548,10.0125
2002.525288,9.8125
2002.528027,9.9375
2002.530767,10.175
2002.533507,10.1875
2002.536247,10.3125
2002.538986,10.2
2002.541726,10.2
2002.544466,10.2375
2002.547205,10.2375
2002.549945,10.2625
2002.552685,10.3125
2002.555425,10.3375
2002.558164,10.4125
2002.560904,10.4875
2002.563644,10.4625
2002.566384,10.575
2002.569123,10.7
2002.571863,10.7375
2002.574603,10.9
2002.577342,10.7625
2002.580082,10.7
2002.582822,10.9
2002.585562,11.275
2002.588301,11.0375
2002.591041,10.85
2002.593781,10.9
2002.596521,11.3
2002.59926,11.6125
2002.602,10.6125
2002.60474,10.6
2002.607479,10.6875
2002.610219,10.7
2002.612959,10.7625
2002.615699,10.775
2002.618438,10.8625
2002.621178,10.8625
2002.623918,11.025
2002.626658,11.1
2002.629397,11.525
2002.632137,11.5125
2002.634877,11.275
2002.637616,11.5375
2002.640356,11.5125
2002.643096,12.3
2002.645836,12.5375
2002.648575,12.8
2002.651315,12.9
2002.654055,12.7667
2002.656795,12.8125
2002.659534,12.7
2002.662274,12.4125
2002.665014,12
2002.667753,12.1625
2002.670493,11.95
2002.673233,11.6
2002.675973,11.625
2002.678712,12.1375
2002.681452,12.7875
2002.684192,12.0875
2002.686932,12.325
2002.689671,12.7125
2002.692411,12.9125
2002.695151,12.65
2002.69789,12.9
2002.70063,13.0875
2002.70337,13.0875
2002.70611,12.7875
2002.708849,12.6
2002.711589,12.8375
2002.714329,12.75
2002.717068,12.725
2002.719808,12.95
2002.722548,13.225
2002.725288,13.35
2002.728027,13.2625
2002.730767,13.2
2002.733507,13.15
2002.736247,13.2
2002.738986,13.2875
2002.741726,13.225
2002.744466,13.15
2002.747205,12.8167
2002.749945,12.825
2002.752685,12.8125
2002.755425,13.075
2002.758164,13.3125
2002.760904,13.2875
2002.763644,13.4
2002.766384,13.3875
2002.769123,13.4125
2002.771863,13.5
2002.774603,13.5625
2002.777342,13.6125
2002.780082,13.675
2002.782822,13.6375
2002.785562,13.65
2002.788301,13.6
2002.791041,13.7875
2002.793781,14.05
2002.796521,14
2002.79926,13.9
2002.802,13.775
2002.80474,13.6875
2002.807479,13.675
2002.810219,13.6375
2002.812959,13.5625
2002.815699,13.4875
2002.818438,13.3875
2002.821178,13.3375
2002.823918,13.225
2002.826658,13.3
2002.829397,13.25
2002.832137,13.2625
2002.834877,13.8125
2002.837616,14.025
2002.840356,14.1
2002.843096,14.075
2002.845836,14.0125
2002.848575,13.9125
2002.851315,13.575
2002.854055,13.1875
2002.856795,13.2
2002.859534,13.325
2002.862274,13.375
2002.865014,12.85
2002.867753,12.7
2002.870493,12.5
2002.873233,13
2002.875973,13.1375
2002.878712,13.3
2002.881452,13.2125
2002.884192,13.2125
2002.886932,12.95
2002.889671,12.8625
2002.892411,12.95
2002.895151,12.9875
2002.89789,12.975
2002.90063,12.9125
2002.90337,12.9
2002.90611,12.875
2002.908849,12.8
2002.911589,12.8
2002.914329,12.8
2002.917068,12.775
2002.919808,12.725
2002.922548,12.725
2002.925288,12.6625
2002.928027,12.54
2002.930767,12.4625
2002.933507,12.325
2002.936247,12.1125
2002.938986,12.1125
2002.941726,11.7875
2002.944466,11.675
2002.947205,11.4625
2002.949945,11.5125
2002.952685,11.5
2002.955425,11.525
2002.958164,11.325
2002.960904,11.275
2002.963644,11.3875
2002.966384,11.45
2002.969123,11.3
2002.971863,11.3375
2002.974603,11.325
2002.977342,11.325
2002.980082,11.325
2002.982822,11.2625
2002.985562,11.2
2002.988301,11.2
2002.991041,11.2
2002.993781,11.275
2002.996521,11.2125
2002.99926,11.2
2003.002,11.2
2003.00474,11.1625
2003.007479,11.1
2003.010219,10.975
2003.012959,10.9875
2003.015699,10.975
2003.018438,10.975
2003.021178,10.8875
2003.023918,10.3
2003.026658,10.5125
2003.029397,10.5125
2003.032137,10.45
2003.034877,10.2375
2003.037616,10.2625
2003.040356,10.2125
2003.043096,10.325
2003.045836,10.2
2003.048575,10.2375
2003.051315,10.2
2003.054055,10.175
2003.056795,10.12
2003.059534,10
2003.062274,9.925
2003.065014,9.75
2003.067753,9.8
2003.070493,9.7125
2003.073233,9.8875
2003.075973,9.725
2003.078712,9.4875
2003.081452,9.2
2003.084192,9.15
2003.086932,9.2125
2003.089671,9.2
2003.092411,8.925
2003.095151,8.6625
2003.09789,8.575
2003.10063,8.7375
2003.10337,8.825
2003.10611,8.85
2003.108849,8.9375
2003.111589,8.925
2003.114329,8.825
2003.117068,8.7375
2003.119808,8.6125
2003.122548,8.525
2003.125288,8.4
2003.128027,8.375
2003.130767,8.275
2003.133507,7.95
2003.136247,7.8625
2003.138986,7.9375
2003.141726,7.8375
2003.144466,7.9125
2003.147205,7.95
2003.149945,8.0375
2003.152685,7.725
2003.155425,7.8
2003.158164,7.8875
2003.160904,7.975
2003.163644,8.1875
2003.166384,8.2125
2003.169123,8.2429
2003.171863,8.475
2003.174603,8.475
2003.177342,8.4375
2003.180082,8.4375
2003.182822,8.475
2003.185562,8.45
2003.188301,8.4125
2003.191041,8.45
2003.193781,8.0625
2003.196521,8.0625
2003.19926,8.0125
2003.202,8
2003.20474,8.193804167
2003.207479,8.1493
2003.210219,8.121279167
2003.212959,8.112554167
2003.215699,8.1069625
2003.218438,8.1161875
2003.221178,8.117733333
2003.223918,8.135295833
2003.226658,8.155291667
2003.229397,8.153691667
2003.232137,8.149958333
2003.234877,8.143041667
2003.237616,8.126154167
2003.240356,8.121258333
2003.243096,8.11665
2003.245836,8.4
2003.248575,8.3625
2003.251315,8.225
2003.254055,8.2
2003.256795,8.1875
2003.259534,8.175
2003.262274,8.1875
2003.265014,8.1875
2003.267753,8.175
2003.270493,8.1875
2003.273233,8.2
2003.275973,8.175
2003.278712,8.2375
2003.281452,8.225
2003.284192,8.325
2003.286932,8.375
2003.289671,8.325
2003.292411,8.3
2003.295151,8.3125
2003.29789,8.2625
2003.30063,8.3125
2003.30337,8.3625
2003.30611,8.375
2003.308849,8.4
2003.311589,8.45
2003.314329,8.4125
2003.317068,8.4
2003.319808,8.4
2003.322548,8.4
2003.325288,8.425
2003.328027,8.5625
2003.330767,8.6375
2003.333507,8.65
2003.336247,8.65
2003.338986,8.775
2003.341726,8.8
2003.344466,8.7375
2003.347205,8.725
2003.349945,8.55
2003.352685,8.475
2003.355425,8.5
2003.358164,8.5625
2003.360904,8.7286
2003.363644,8.825
2003.366384,8.7625
2003.369123,8.75
2003.371863,8.825
2003.374603,8.825
2003.377342,8.8125
2003.380082,8.8
2003.382822,8.8
2003.385562,8.825
2003.388301,8.75
2003.391041,8.7875
2003.393781,8.8375
2003.396521,8.8375
2003.39926,8.875
2003.402,8.825
2003.40474,8.8125
2003.407479,8.7875
2003.410219,8.8
2003.412959,8.8625
2003.415699,8.975
2003.418438,9.0875
2003.421178,9.075
2003.423918,9.1125
2003.426658,9.1625
2003.429397,9.1375
2003.432137,9.2
2003.434877,9.2
2003.437616,9.225
2003.440356,9.2375
2003.443096,9.25
2003.445836,9.2875
2003.448575,9.2875
2003.451315,9.25
2003.454055,9.475
2003.456795,9.48
2003.459534,9.525
2003.462274,9.6
2003.465014,9.625
2003.467753,9.6875
2003.470493,9.7
2003.473233,9.825
2003.475973,9.6125
2003.478712,9.675
2003.481452,9.675
2003.484192,9.5875
2003.486932,9.2625
2003.489671,9.5125
2003.492411,9.7
2003.495151,9.6625
2003.49789,9.475
2003.50063,9.5
2003.50337,9.6375
2003.50611,9.6875
2003.508849,9.625
2003.511589,9.6125
2003.514329,9.775
2003.517068,10.125
2003.519808,9.725
2003.522548,9.8
2003.525288,9.85
2003.528027,10.675
2003.530767,10.825
2003.533507,11.1
2003.536247,10.9
2003.538986,10.975
2003.541726,11.1
2003.544466,11.025
2003.547205,10.95
2003.549945,10.8125
2003.552685,10.7
2003.555425,10.7625
2003.558164,10.8625
2003.560904,10.25
2003.563644,10.5625
2003.566384,10.8875
2003.569123,11.45
2003.571863,11.7
2003.574603,11.75
2003.577342,11.65
2003.580082,11.7375
2003.582822,11.75
2003.585562,11.825
2003.588301,12
2003.591041,11.9375
2003.593781,12.1875
2003.596521,12.1375
2003.59926,11.6
2003.602,11.0875
2003.60474,11.075
2003.607479,11.3375
2003.610219,11.25
2003.612959,10.9125
2003.615699,10.9
2003.618438,10.9375
2003.621178,11
2003.623918,11.0625
2003.626658,11.1375
2003.629397,11.175
2003.632137,11.125
2003.634877,11.45
2003.637616,11.825
2003.640356,11.6625
2003.643096,12.1875
2003.645836,12.9625
2003.648575,13.06
2003.651315,13.125
2003.654055,13.425
2003.656795,13.5
2003.659534,13.4375
2003.662274,13.5375
2003.665014,13.5375
2003.667753,13.55
2003.670493,13.525
2003.673233,13.5375
2003.675973,13.525
2003.678712,13.4625
2003.681452,12.8125
2003.684192,12.45
2003.686932,12.95
2003.689671,13.1
2003.692411,12.2875
2003.695151,12.3625
2003.69789,12.7125
2003.70063,12.9125
2003.70337,12.95
2003.70611,13.2
2003.708849,13.075
2003.711589,12.925
2003.714329,12.9125
2003.717068,13.4625
2003.719808,13.7625
2003.722548,13.3375
2003.725288,13.625
2003.728027,13.95
2003.730767,13.5875
2003.733507,13.2
2003.736247,13.1875
2003.738986,13.3
2003.741726,13.3125
2003.744466,13.3
2003.747205,13.175
2003.749945,13.3375
2003.752685,13.5
2003.755425,13.2375
2003.758164,13.1375
2003.760904,13
2003.763644,13
2003.766384,12.95
2003.769123,12.95
2003.771863,13
2003.774603,13.1
2003.777342,13.25
2003.780082,13.325
2003.782822,13.45
2003.785562,13.5875
2003.788301,13.7375
2003.791041,13.925
2003.793781,13.9
2003.796521,13.9
2003.79926,13.9
2003.802,13.8125
2003.80474,13.7
2003.807479,13.6625
2003.810219,13.575
2003.812959,13.525
2003.815699,13.475
2003.818438,13.4
2003.821178,13.3667
2003.823918,13.3
2003.826658,13.3
2003.829397,13.2375
2003.832137,13.175
2003.834877,13.1
2003.837616,13.025
2003.840356,12.9375
2003.843096,12.9
2003.845836,12.8125
2003.848575,12.875
2003.851315,12.875
2003.854055,12.9
2003.856795,12.8125
2003.859534,12.8125
2003.862274,12.8
2003.865014,12.4
2003.867753,12.2875
2003.870493,12.575
2003.873233,12.6
2003.875973,12.6
2003.878712,12.55
2003.881452,12.15
2003.884192,11.9
2003.886932,11.9
2003.889671,11.65
2003.892411,11.5875
2003.895151,11.5375
2003.89789,11.675
2003.90063,11.8625
2003.90337,11.875
2003.90611,11.775
2003.908849,11.85
2003.911589,11.875
2003.914329,11.8625
2003.917068,11.8
2003.919808,11.8375
2003.922548,11.875
2003.925288,11.8
2003.928027,11.775
2003.930767,11.7
2003.933507,11.7125
2003.936247,11.6667
2003.938986,11.5
2003.941726,11.3875
2003.944466,11.2
2003.947205,11.3875
2003.949945,11.375
2003.952685,11.2625
2003.955425,11.3125
2003.958164,11.3125
2003.960904,11.3625
2003.963644,11.425
2003.966384,11.325
2003.969123,11.25
2003.971863,11.25
2003.974603,11.1125
2003.977342,11.025
2003.980082,10.8125
2003.982822,10.725
2003.985562,10.8375
2003.988301,10.625
2003.991041,10.4875
2003.993781,10.6
2003.996521,10.6875
2003.99926,10.7625
2004.002,10.7625
2004.004732,10.45
2004.007464,10.3875
2004.010197,10.3875
2004.012929,10.16
2004.015661,10.1625
2004.018393,10.025
2004.021126,10.15
2004.023858,10.1375
2004.02659,10.025
2004.029322,9.85
2004.032055,9.6375
2004.034787,9.6625
2004.037519,9.775
2004.040251,9.75
2004.042984,9.6875
2004.045716,9.7
2004.048448,9.675
2004.05118,9.6125
2004.053913,9.5625
2004.056645,9.525
2004.059377,9.5
2004.062109,9.5
2004.064842,9.5
2004.067574,9.45
2004.070306,9.375
2004.073038,9.375
2004.07577,9.3
2004.078503,9.2375
2004.081235,9.275
2004.083967,9.1875
2004.086699,9.175
2004.089432,9.2125
2004.092164,9.4625
2004.094896,9.175
2004.097628,8.775
2004.100361,8.8
2004.103093,8.725
2004.105825,8.675
2004.108557,8.725
2004.11129,8.7375
2004.114022,8.75
2004.116754,8.725
2004.119486,8.7
2004.122219,8.5875
2004.124951,8.55
2004.127683,8.725
2004.130415,8.575
2004.133148,8.5375
2004.13588,8.575
2004.138612,8.65
2004.141344,8.6125
2004.144077,8.625
2004.146809,8.7
2004.149541,8.6875
2004.152273,8.6375
2004.155005,8.5875
2004.157738,8.5
2004.16047,8.4375
2004.163202,8.425
2004.165934,8.4625
2004.168667,8.5
2004.171399,8.4875
2004.174131,8.45
2004.176863,8.4
2004.179596,8.3875
2004.182328,8.3875
2004.18506,8.3875
2004.187792,8.375
2004.190525,8.275
2004.193257,8.175
2004.195989,8.1125
2004.198721,8.0375
2004.201454,8.1625
2004.204186,8.175
2004.206918,8.0875
2004.20965,8.1
2004.212383,8.075
2004.215115,8.0875
2004.217847,8.0625
2004.220579,8.0125
2004.223311,8
2004.226044,7.9625
2004.228776,7.9625
2004.231508,8
2004.23424,8
2004.236973,8
2004.239705,8
2004.242437,8
2004.245169,8
2004.247902,8.0875
2004.250634,8.075
2004.253366,8.1375
2004.256098,8.3875
2004.258831,8.375
2004.261563,8.3875
2004.264295,8.35
2004.267027,8.325
2004.26976,8.3625
2004.272492,8.3625
2004.275224,8.375
2004.277956,8.3625
2004.280689,8.2875
2004.283421,8.3375
2004.286153,8.4
2004.288885,8.4
2004.291617,8.4
2004.29435,8.4
2004.297082,8.4
2004.299814,8.4
2004.302546,8.4
2004.305279,8.4125
2004.308011,8.425
2004.310743,8.4
2004.313475,8.4
2004.316208,8.4
2004.31894,8.4
2004.321672,8.3625
2004.324404,8.3
2004.327137,8.3375
2004.329869,8.3
2004.332601,8.375
2004.335333,8.4
2004.338066,8.4
2004.340798,8.3875
2004.34353,8.4
2004.346262,8.425
2004.348995,8.5
2004.351727,8.55
2004.354459,8.55
2004.357191,8.58
2004.359923,8.6
2004.362656,8.5875
2004.365388,8.55
2004.36812,8.5
2004.370852,8.45
2004.373585,8.4625
2004.376317,8.575
2004.379049,8.6875
2004.381781,8.975
2004.384514,9.1
2004.387246,9
2004.389978,8.7
2004.39271,8.6625
2004.395443,8.7
2004.398175,8.65
2004.400907,8.575
2004.403639,8.675
2004.406372,8.775
2004.409104,8.8875
2004.411836,8.9
2004.414568,8.78
2004.417301,8.775
2004.420033,8.7875
2004.422765,8.8375
2004.425497,8.975
2004.42823,9
2004.430962,9.05
2004.433694,9.0875
2004.436426,9.125
2004.439158,9.15
2004.441891,9.1875
2004.444623,9.125
2004.447355,9.025
2004.450087,9
2004.45282,9.0625
2004.455552,9.125
2004.458284,9.1625
2004.461016,9.275
2004.463749,9.3125
2004.466481,9.3
2004.469213,9.475
2004.471945,9.475
2004.474678,9.45
2004.47741,9.45
2004.480142,9.5
2004.482874,9.5
2004.485607,9.5
2004.488339,9.5125
2004.491071,9.52
2004.493803,9.55
2004.496536,9.55
2004.499268,9.6875
2004.502,10.075
2004.504732,10.1625
2004.507464,10.3
2004.510197,10.1875
2004.512929,10.2125
2004.515661,10.325
2004.518393,10.3125
2004.521126,10.525
2004.523858,10.625
2004.52659,10.6875
2004.529322,10.575
2004.532055,10.5375
2004.534787,10.7375
2004.537519,10.8
2004.540251,10.9875
2004.542984,9.8875
2004.545716,9.775
2004.548448,9.8
2004.55118,9.85
2004.553913,9.9625
2004.556645,10.15
2004.559377,10.3125
2004.562109,10.7875
2004.564842,10.6
2004.567574,10.6
2004.570306,11.1
2004.573038,11.125
2004.57577,10.7
2004.578503,10.2
2004.581235,10.475
2004.583967,10.575
2004.586699,10.76
2004.589432,11.0625
2004.592164,11.225
2004.594896,11.325
2004.597628,11.375
2004.600361,11.35
2004.603093,11.5375
2004.605825,11.625
2004.608557,11.3875
2004.61129,11.7
2004.614022,10.975
2004.616754,11.4125
2004.619486,11.775
2004.622219,11.925
2004.624951,11.8875
2004.627683,11.775
2004.630415,11.9875
2004.633148,11.75
2004.63588,11.8625
2004.638612,11.925
2004.641344,11.9
2004.644077,11.9625
2004.646809,12
2004.649541,12
2004.652273,11.975
2004.655005,11.9375
2004.657738,12.1
2004.66047,12.0625
2004.663202,12.0375
2004.665934,12.0875
2004.668667,12.1
2004.671399,12.2
2004.674131,12.35
2004.676863,12.575
2004.679596,12.8
2004.682328,12.95
2004.68506,12.6875
2004.687792,12.2875
2004.690525,12.45
2004.693257,12.75
2004.695989,12.375
2004.698721,12.6125
2004.701454,12.9375
2004.704186,12.9875
2004.706918,13.1375
2004.70965,13.15
2004.712383,13.2
2004.715115,13.275
2004.717847,13.475
2004.720579,13.5625
2004.723311,13.7125
2004.726044,13.9
2004.728776,13.9
2004.731508,13.88
2004.73424,13.8875
2004.736973,13.8625
2004.739705,13.9
2004.742437,13.9
2004.745169,13.9
2004.747902,13.9
2004.750634,13.9
2004.753366,13.9
2004.756098,13.9
2004.758831,13.9
2004.761563,13.825
2004.764295,13.8
2004.767027,13.725
2004.76976,13.7
2004.772492,13.7
2004.775224,13.7
2004.777956,13.6375
2004.780689,13.6
2004.783421,13.6375
2004.786153,13.6125
2004.788885,13.5875
2004.791617,13.525
2004.79435,13.6375
2004.797082,13.85
2004.799814,13.725
2004.802546,13.425
2004.805279,13.525
2004.808011,13.425
2004.810743,13.225
2004.813475,13.1375
2004.816208,13.5125
2004.81894,13.45
2004.821672,13.5125
2004.824404,13.1875
2004.827137,13.5375
2004.829869,13.3375
2004.832601,13.0125
2004.835333,12.8625
2004.838066,13.075
2004.840798,13.275
2004.84353,13.8125
2004.846262,13.975
2004.848995,13.9
2004.851727,13.9
2004.854459,13.9
2004.857191,13.9
2004.859923,13.9
2004.862656,13.7875
2004.865388,13.55
2004.86812,13.375
2004.870852,13.275
2004.873585,13.2125
2004.876317,13.2625
2004.879049,13.2875
2004.881781,13.2
2004.884514,13.15
2004.887246,13.175
2004.889978,13
2004.89271,13.0125
2004.895443,12.9625
2004.898175,12.9875
2004.900907,13
2004.903639,12.9875
2004.906372,12.9375
2004.909104,12.9
2004.911836,12.85
2004.914568,12.725
2004.917301,12.675
2004.920033,12.6375
2004.922765,12.6
2004.925497,12.5875
2004.92823,12.5375
2004.930962,12.5
2004.933694,12.5
2004.936426,12.5
2004.939158,12.5
2004.941891,12.375
2004.944623,12.225
2004.947355,12.1125
2004.950087,12
2004.95282,12.0625
2004.955552,11.825
2004.958284,11.625
2004.961016,11.2125
2004.963749,11.3375
2004.966481,11.3625
2004.969213,11.1875
2004.971945,11.1875
2004.974678,11.0625
2004.97741,11.0875
2004.980142,10.55
2004.982874,10.5625
2004.985607,10.75
2004.988339,10.625
2004.991071,10.475
2004.993803,10.425
2004.996536,10.4
2004.999268,10.375
2005.002,10.4
2005.00474,10.3625
2005.007479,10.1375
2005.010219,10.05
2005.012959,10.125
2005.015699,10.1
2005.018438,10
2005.021178,9.95
2005.023918,9.8625
2005.026658,9.8
2005.029397,9.8
2005.032137,9.825
2005.034877,9.775
2005.037616,9.7125
2005.040356,9.7
2005.043096,9.7
2005.045836,9.625
2005.048575,9.6
2005.051315,9.6
2005.054055,9.6
2005.056795,9.5333
2005.059534,9.4375
2005.062274,9.4
2005.065014,9.35
2005.067753,9.3
2005.070493,9.3
2005.073233,9.225
2005.075973,9.15
2005.078712,9.15
2005.081452,9.0875
2005.084192,9.075
2005.086932,9.075
2005.089671,9
2005.092411,9
2005.095151,9
2005.09789,9.0125
2005.10063,9.025
2005.10337,9.025
2005.10611,8.9875
2005.108849,8.9375
2005.111589,8.8625
2005.114329,8.85
2005.117068,8.8375
2005.119808,8.8
2005.122548,8.725
2005.125288,8.65
2005.128027,8.6375
2005.130767,8.6
2005.133507,8.6
2005.136247,8.55
2005.138986,8.5
2005.141726,8.5
2005.144466,8.4
2005.147205,8.4
2005.149945,8.4
2005.152685,8.35
2005.155425,8.3
2005.158164,8.275
2005.160904,8.2667
2005.163644,8.314777273
2005.166384,8.1
2005.169123,8.1
2005.171863,8.0875
2005.174603,8.0375
2005.177342,8
2005.180082,8
2005.182822,8
2005.185562,8
2005.188301,8
2005.191041,8
2005.193781,7.975
2005.196521,7.95
2005.19926,7.9625
2005.202,7.975
2005.20474,7.925
2005.207479,7.8875
2005.210219,7.825
2005.212959,7.8875
2005.215699,7.9
2005.218438,7.85
2005.221178,7.8875
2005.223918,7.8875
2005.226658,7.8375
2005.229397,7.85
2005.232137,7.8875
2005.234877,7.9
2005.237616,7.9
2005.240356,7.9
2005.243096,7.9
2005.245836,7.9
2005.248575,7.875
2005.251315,7.8625
2005.254055,7.8375
2005.256795,7.82
2005.259534,7.8125
2005.262274,7.8
2005.265014,7.8
2005.267753,7.8
2005.270493,7.8375
2005.273233,7.8875
2005.275973,7.9
2005.278712,7.9
2005.281452,7.85
2005.284192,7.85
2005.286932,7.9
2005.289671,7.975
2005.292411,8
2005.295151,8
2005.29789,8
2005.30063,8
2005.30337,8
2005.30611,8
2005.308849,7.9875
2005.311589,7.9875
2005.314329,8
2005.317068,7.9875
2005.319808,8
2005.322548,8
2005.325288,8
2005.328027,8
2005.330767,8
2005.333507,8
2005.336247,8
2005.338986,8
2005.341726,8
2005.344466,8
2005.347205,8
2005.349945,8
2005.352685,8
2005.355425,8
2005.358164,8
2005.360904,8.0125
2005.363644,8.05
2005.366384,8.05
2005.369123,8.1
2005.371863,8.1
2005.374603,8.1125
2005.377342,8.1625
2005.380082,8.1875
2005.382822,8.2
2005.385562,8.2
2005.388301,8.2125
2005.391041,8.275
2005.393781,8.3
2005.396521,8.35
2005.39926,8.3
2005.402,8.3125
2005.40474,8.375
2005.407479,8.375
2005.410219,8.4
2005.412959,8.4
2005.415699,8.4
2005.418438,8.4
2005.421178,8.4
2005.423918,8.4125
2005.426658,8.5375
2005.429397,8.6125
2005.432137,8.65
2005.434877,8.6875
2005.437616,8.65
2005.440356,8.6875
2005.443096,8.725
2005.445836,8.7125
2005.448575,8.7625
2005.451315,8.7875
2005.454055,8.75
2005.456795,8.8
2005.459534,8.9
2005.462274,8.9
2005.465014,8.6125
2005.467753,9
2005.470493,9.2
2005.473233,9.675
2005.475973,9.1625
2005.478712,9.375
2005.481452,9.525
2005.484192,9.1375
2005.486932,8.9375
2005.489671,9.05
2005.492411,9.6375
2005.495151,10.1625
2005.49789,10.2125
2005.50063,10.2
2005.50337,9.95
2005.50611,10.05
2005.508849,9.8625
2005.511589,9.675
2005.514329,9.8125
2005.517068,9.9125
2005.519808,9.9375
2005.522548,9.8375
2005.525288,10.025
2005.528027,9.7375
2005.530767,10.35
2005.533507,9.6
2005.536247,9.575
2005.538986,9.56
2005.541726,9.5625
2005.544466,9.7875
2005.547205,9.8625
2005.549945,10.2375
2005.552685,10.1
2005.555425,10.4125
2005.558164,10.175
2005.560904,10.275
2005.563644,10.3875
2005.566384,10.5875
2005.569123,10.1875
2005.571863,10.475
2005.574603,10.35
2005.577342,9.8125
2005.580082,9.8125
2005.582822,10.05
2005.585562,10.15
2005.588301,9.8625
2005.591041,10.025
2005.593781,10.2375
2005.596521,10.7125
2005.59926,11.125
2005.602,10.875
2005.60474,11.125
2005.607479,11.075
2005.610219,10.8875
2005.612959,10.75
2005.615699,10.7
2005.618438,10.7
2005.621178,10.9625
2005.623918,11.2375
2005.626658,11.5625
2005.629397,11.8
2005.632137,11.6
2005.634877,11.1333
2005.637616,11.35
2005.640356,11.5625
2005.643096,11.375
2005.645836,11.2
2005.648575,11.475
2005.651315,12.15
2005.654055,12.3375
2005.656795,12.575
2005.659534,12.425
2005.662274,12.35
2005.665014,12.1875
2005.667753,12.725
2005.670493,12.8875
2005.673233,12.9125
2005.675973,12.9875
2005.678712,13
2005.681452,12.975
2005.684192,13.0125
2005.686932,13
2005.689671,13.0125
2005.692411,13.1625
2005.695151,13.0875
2005.69789,12.4375
2005.70063,12.6125
2005.70337,12.9375
2005.70611,13.1
2005.708849,13.0125
2005.711589,12.575
2005.714329,12.7375
2005.717068,12.7875
2005.719808,12.5125
2005.722548,12.5125
2005.725288,12.5375
2005.728027,12.45
2005.730767,12.9625
2005.733507,13.2
2005.736247,13.15
2005.738986,13.1
2005.741726,13.375
2005.744466,13.625
2005.747205,13.7375
2005.749945,13.8625
2005.752685,13.925
2005.755425,13.9
2005.758164,13.9
2005.760904,13.8875
2005.763644,13.8375
2005.766384,13.7875
2005.769123,13.775
2005.771863,13.7375
2005.774603,13.725
2005.777342,13.825
2005.780082,14
2005.782822,13.9375
2005.785562,13.9
2005.788301,13.9
2005.791041,13.9
2005.793781,13.9
2005.796521,13.9
2005.79926,13.8875
2005.802,13.825
2005.80474,13.8
2005.807479,13.8
2005.810219,13.75
2005.812959,13.7125
2005.815699,13.7
2005.818438,13.7
2005.821178,13.6875
2005.823918,13.65
2005.826658,13.5875
2005.829397,13.5625
2005.832137,13.5875
2005.834877,13.5375
2005.837616,13.5375
2005.840356,13.55
2005.843096,13.525
2005.845836,13.475
2005.848575,13.4625
2005.851315,13.325
2005.854055,13.3
2005.856795,13.25
2005.859534,13.2
2005.862274,13.2
2005.865014,13.1625
2005.867753,13.125
2005.870493,13.0125
2005.873233,13
2005.875973,12.975
2005.878712,12.9875
2005.881452,12.9875
2005.884192,12.8875
2005.886932,12.9
2005.889671,12.875
2005.892411,12.875
2005.895151,12.7875
2005.89789,12.65
2005.90063,12.4625
2005.90337,12.175
2005.90611,12.1875
2005.908849,12.225
2005.911589,12.2
2005.914329,12.15
2005.917068,12.1
2005.919808,12.0875
2005.922548,12.075
2005.925288,11.975
2005.928027,11.8875
2005.930767,11.8
2005.933507,11.825
2005.936247,11.7875
2005.938986,11.7625
2005.941726,11.8
2005.944466,11.775
2005.947205,11.4625
2005.949945,11.4125
2005.952685,11.4375
2005.955425,11.3875
2005.958164,11.3875
2005.960904,11.2875
2005.963644,11.2125
2005.966384,11.2875
2005.969123,11.2
2005.971863,11.1875
2005.974603,11.15
2005.977342,11.1125
2005.980082,11.1
2005.982822,11.0625
2005.985562,11.15
2005.988301,11.1125
2005.991041,10.925
2005.993781,10.875
2005.996521,10.975
2005.99926,10.8625
2006.002,10.5875
2006.00474,10.725
2006.007479,10.75
2006.010219,10.775
2006.012959,10.75
2006.015699,10.6875
2006.018438,10.65
2006.021178,10.6
2006.023918,10.5
2006.026658,10.4375
2006.029397,10.3375
2006.032137,10.2
2006.034877,10.2625
2006.037616,10.3
2006.040356,10.3
2006.043096,10.2625
2006.045836,10.2
2006.048575,10.2
2006.051315,10.2
2006.054055,10.1875
2006.056795,10.0375
2006.059534,10.0125
2006.062274,9.8625
2006.065014,9.7375
2006.067753,9.6875
2006.070493,9.8875
2006.073233,9.9
2006.075973,9.8
2006.078712,9.7125
2006.081452,9.65
2006.084192,9.6
2006.086932,9.6
2006.089671,9.6
2006.092411,9.55
2006.095151,9.575
2006.09789,9.575
2006.10063,9.575
2006.10337,9.5375
2006.10611,9.4125
2006.108849,9.375
2006.111589,9.3125
2006.114329,9.275
2006.117068,9.175
2006.119808,9.0667
2006.122548,8.5841875
2006.125288,8.575041667
2006.128027,8.55825
2006.130767,8.555041667
2006.133507,8.534145833
2006.136247,8.543333333
2006.138986,8.528625
2006.141726,8.502520833
2006.144466,8.5203125
2006.147205,8.511854167
2006.149945,8.454645833
2006.152685,8.406041667
2006.155425,8.331045455
2006.158164,8.307409091
2006.160904,8.310690909
2006.163644,8.314777273
2006.166384,8.24965
2006.169123,8.258309091
2006.171863,8.249195455
2006.174603,8.230468182
2006.177342,8.223536364
2006.180082,8.2109
2006.182822,8.215741667
2006.185562,8.206825
2006.188301,8.222041667
2006.191041,8.2192375
2006.193781,8.205108333
2006.196521,8.1982
2006.19926,8.18495
2006.202,8.200354167
2006.20474,8.193804167
2006.207479,8.1493
2006.210219,8.121279167
2006.212959,8.112554167
2006.215699,8.1069625
2006.218438,8.1161875
2006.221178,8.117733333
2006.223918,8.135295833
2006.226658,8.155291667
2006.229397,8.153691667
2006.232137,8.149958333
2006.234877,8.143041667
2006.237616,8.126154167
2006.240356,8.121258333
2006.243096,8.2
2006.245836,8.275
2006.248575,8.25
2006.251315,8.25
2006.254055,8.25
2006.256795,8.225
2006.259534,8.25
2006.262274,8.225
2006.265014,8.2
2006.267753,8.25
2006.270493,8.4
2006.273233,8.4
2006.275973,8.4
2006.278712,8.4
2006.281452,8.375
2006.284192,8.3
2006.286932,8.25
2006.289671,8.2
2006.292411,8.1875
2006.295151,8.1625
2006.29789,8.175
2006.30063,8.1625
2006.30337,8.15
2006.30611,8.125
2006.308849,8.125
2006.311589,8.1625
2006.314329,8.125
2006.317068,8.1125
2006.319808,8.1
2006.322548,8.1
2006.325288,8.1
2006.328027,8.15
2006.330767,8.15
2006.333507,8.1875
2006.336247,8.2
2006.338986,8.2
2006.341726,8.2
2006.344466,8.2
2006.347205,8.2
2006.349945,8.1875
2006.352685,8.1625
2006.355425,8.1
2006.358164,8.1125
2006.360904,8.1625
2006.363644,8.1875
2006.366384,8.175
2006.369123,8.1125
2006.371863,8.1625
2006.374603,8.2
2006.377342,8.2
2006.380082,8.2
2006.382822,8.2
2006.385562,8.2
2006.388301,8.2
2006.391041,8.2
2006.393781,8.275
2006.396521,8.2667
2006.39926,8.3
2006.402,8.3
2006.40474,8.25
2006.407479,8.25
2006.410219,8.225
2006.412959,8.225
2006.415699,8.2
2006.418438,8.225
2006.421178,8.3
2006.423918,8.35
2006.426658,8.4
2006.429397,8.5
2006.432137,8.475
2006.434877,8.45
2006.437616,8.4375
2006.440356,8.4
2006.443096,8.4
2006.445836,8.4
2006.448575,8.5125
2006.451315,8.8375
2006.454055,8.6625
2006.456795,8.4875
2006.459534,8.7
2006.462274,8.975
2006.465014,8.8
2006.467753,8.7
2006.470493,8.675
2006.473233,8.725
2006.475973,9.0375
2006.478712,9.2
2006.481452,9.4
2006.484192,9.525
2006.486932,9.525
2006.489671,9.5
2006.492411,9.5375
2006.495151,9.5375
2006.49789,9.525
2006.50063,9.6
2006.50337,9.6625
2006.50611,9.7
2006.508849,9.7
2006.511589,9.8375
2006.514329,9.75
2006.517068,9.25
2006.519808,9.225
2006.522548,9.4375
2006.525288,9.5625
2006.528027,9.5875
2006.530767,9.7375
2006.533507,9.7375
2006.536247,9.9125
2006.538986,9.825
2006.541726,10.1125
2006.544466,10.4625
2006.547205,10.6125
2006.549945,10.675
2006.552685,10.75
2006.555425,10.4875
2006.558164,10.575
2006.560904,10.7875
2006.563644,10.3625
2006.566384,10.475
2006.569123,10.85
2006.571863,11.225
2006.574603,11.125
2006.577342,11.1625
2006.580082,11.175
2006.582822,11.45
2006.585562,11.65
2006.588301,11.7
2006.591041,11.8375
2006.593781,11.7875
2006.596521,11.8875
2006.59926,12.0125
2006.602,10.7625
2006.60474,10.9875
2006.607479,11.5
2006.610219,11.1625
2006.612959,10.8375
2006.615699,11.0625
2006.618438,10.9875
2006.621178,11.2125
2006.623918,11.025
2006.626658,11.425
2006.629397,11.2125
2006.632137,11.4875
2006.634877,11.8857
2006.637616,12.5875
2006.640356,12.95
2006.643096,13.0375
2006.645836,13.1
2006.648575,13.1
2006.651315,13.1125
2006.654055,13.2
2006.656795,13.2875
2006.659534,13.25
2006.662274,13.2625
2006.665014,13.3125
2006.667753,13.0375
2006.670493,12.45
2006.673233,12.875
2006.675973,13.4125
2006.678712,13.5
2006.681452,13.425
2006.684192,13.3125
2006.686932,13.3875
2006.689671,13.3125
2006.692411,13.4625
2006.695151,13.4375
2006.69789,13.5375
2006.70063,13.5
2006.70337,13.4875
2006.70611,13.5125
2006.708849,13.6
2006.711589,13.5875
2006.714329,13.6
2006.717068,13.675
2006.719808,13.65
2006.722548,13.6625
2006.725288,13.7375
2006.728027,13.7625
2006.730767,13.7625
2006.733507,13.85
2006.736247,14.025
2006.738986,13.8375
2006.741726,13.825
2006.744466,14.025
2006.747205,14.025
2006.749945,14.0125
2006.752685,14
2006.755425,14.4375
2006.758164,14.925
2006.760904,15
2006.763644,15.0125
2006.766384,14.9875
2006.769123,14.95
2006.771863,14.9375
2006.774603,14.9125
2006.777342,14.8875
2006.780082,14.95
2006.782822,14.9143
2006.785562,13.7733125
2006.788301,13.7231875
2006.791041,13.70227083
2006.793781,13.70860417
2006.796521,13.68741667
2006.79926,13.6560625
2006.802,13.66095833
2006.80474,13.64464583
2006.807479,13.58708333
2006.810219,13.59420833
2006.812959,13.58577083
2006.815699,13.5865
2006.818438,13.576875
2006.821178,13.53364583
2006.823918,13.482375
2006.826658,13.47195833
2006.829397,13.42594896
2006.832137,13.39909688
2006.834877,14.65
2006.837616,14.35
2006.840356,14.2875
2006.843096,14.3375
2006.845836,14.3375
2006.848575,14.3125
2006.851315,14.2625
2006.854055,14.3125
2006.856795,14.3875
2006.859534,14.325
2006.862274,14.2875
2006.865014,14.0375
2006.867753,13.6375
2006.870493,13.675
2006.873233,13.0625
2006.875973,13.05
2006.878712,13.0125
2006.881452,12.8625
2006.884192,12.925
2006.886932,13.0375
2006.889671,12.875
2006.892411,12.76
2006.895151,12.775
2006.89789,12.8625
2006.90063,12.9125
2006.90337,12.8625
2006.90611,12.8625
2006.908849,12.85
2006.911589,12.75
2006.914329,12.7
2006.917068,12.85
2006.919808,12.8875
2006.922548,12.8125
2006.925288,12.7375
2006.928027,12.675
2006.930767,12.4875
2006.933507,12.5
2006.936247,12.4625
2006.938986,12.3625
2006.941726,12.4375
2006.944466,12.275
2006.947205,12.325
2006.949945,12.0375
2006.952685,11.75
2006.955425,11.3625
2006.958164,11.8375
2006.960904,11.95
2006.963644,11.8375
2006.966384,11.8125
2006.969123,11.9875
2006.971863,11.8875
2006.974603,11.75
2006.977342,11.6625
2006.980082,11.5375
2006.982822,11.5375
2006.985562,11.6375
2006.988301,11.6
2006.991041,11.525
2006.993781,11.45
2006.996521,11.2375
2006.99926,11
2007.002,10.9375
2007.00474,10.9125
2007.007479,10.725
2007.010219,10.775
2007.012959,10.75
2007.015699,10.775
2007.018438,10.7375
2007.021178,10.775
2007.023918,10.7125
2007.026658,10.7
2007.029397,10.75
2007.032137,10.5875
2007.034877,10.15
2007.037616,10.175
2007.040356,10.1875
2007.043096,10.375
2007.045836,10.2125
2007.048575,10.15
2007.051315,10.1875
2007.054055,10.15
2007.056795,10.0625
2007.059534,9.875
2007.062274,9.7875
2007.065014,9.8125
2007.067753,9.7833
2007.070493,9.7625
2007.073233,9.725
2007.075973,9.775
2007.078712,9.525
2007.081452,9.5375
2007.084192,9.5875
2007.086932,9.625
2007.089671,9.65
2007.092411,9.625
2007.095151,9.575
2007.09789,9.6625
2007.10063,9.675
2007.10337,9.525
2007.10611,9.475
2007.108849,9.35
2007.111589,9.4
2007.114329,9.4875
2007.117068,9.475
2007.119808,9.475
2007.122548,9.45
2007.125288,9.5
2007.128027,9.5
2007.130767,9.5
2007.133507,9.5
2007.136247,9.4875
2007.138986,9.4857
2007.141726,9.5
2007.144466,9.4625
2007.147205,9.375
2007.149945,9.3375
2007.152685,9.3375
2007.155425,9.25
2007.158164,9.2
2007.160904,9.2
2007.163644,9.2
2007.166384,9.2125
2007.169123,9.275
2007.171863,9.3875
2007.174603,9.275
2007.177342,9.2125
2007.180082,9.225
2007.182822,9.2
2007.185562,9.2
2007.188301,9.2
2007.191041,9.2
2007.193781,9.2
2007.196521,9.2375
2007.19926,9.2
2007.202,9.2
2007.20474,9.2
2007.207479,9.2
2007.210219,9.2
2007.212959,9.2
2007.215699,9.1625
2007.218438,9.0375
2007.221178,9.0625
2007.223918,9
2007.226658,8.775
2007.229397,8.5625
2007.232137,8.75
2007.234877,8.675
2007.237616,8.66
2007.240356,8.8875
2007.243096,8.8375
2007.245836,8.7625
2007.248575,8.725
2007.251315,8.7
2007.254055,8.7
2007.256795,8.7
2007.259534,8.7
2007.262274,8.7
2007.265014,8.7125
2007.267753,8.75
2007.270493,8.7125
2007.273233,8.7125
2007.275973,8.7
2007.278712,8.7
2007.281452,8.7
2007.284192,8.725
2007.286932,8.7375
2007.289671,8.7125
2007.292411,8.7
2007.295151,8.7
2007.29789,8.7375
2007.30063,8.7375
2007.30337,8.75
2007.30611,8.75
2007.308849,8.8
2007.311589,8.8
2007.314329,8.7875
2007.317068,8.8
2007.319808,8.8
2007.322548,8.7625
2007.325288,8.7625
2007.328027,8.7625
2007.330767,8.7375
2007.333507,8.75
2007.336247,8.7625
2007.338986,8.75
2007.341726,8.7375
2007.344466,8.75
2007.347205,8.8
2007.349945,8.825
2007.352685,8.8125
2007.355425,8.825
2007.358164,8.85
2007.360904,8.8875
2007.363644,8.8375
2007.366384,8.875
2007.369123,8.85
2007.371863,8.9125
2007.374603,8.9625
2007.377342,9
2007.380082,8.9375
2007.382822,8.9875
2007.385562,9.05
2007.388301,9.1625
2007.391041,9.4375
2007.393781,9.475
2007.396521,9.5
2007.39926,9.4375
2007.402,9.4
2007.40474,9.7125
2007.407479,9.75
2007.410219,9.7625
2007.412959,9.7125
2007.415699,9.7125
2007.418438,9.675
2007.421178,9.7
2007.423918,9.675
2007.426658,9.625
2007.429397,9.65
2007.432137,9.7125
2007.434877,9.7625
2007.437616,9.8625
2007.440356,9.8875
2007.443096,9.925
2007.445836,9.9125
2007.448575,9.95
2007.451315,9.9875
2007.454055,9.9875
2007.456795,10.025
2007.459534,10.025
2007.462274,10.025
2007.465014,10.1
2007.467753,10.4375
2007.470493,11.625
2007.473233,11.525
2007.475973,11.1375
2007.478712,11.7875
2007.481452,11.7625
2007.484192,11.825
2007.486932,11.325
2007.489671,11.0875
2007.492411,10.7375
2007.495151,10.925
2007.49789,11.0375
2007.50063,10.825
2007.50337,11.2125
2007.50611,11.3125
2007.508849,10.94
2007.511589,11.025
2007.514329,11.0375
2007.517068,11
2007.519808,11.0125
2007.522548,11.1
2007.525288,11.125
2007.528027,11.3
2007.530767,11.3125
2007.533507,11.4
2007.536247,11.45
2007.538986,11.8875
2007.541726,11.5125
2007.544466,11.6375
2007.547205,11.5375
2007.549945,11.525
2007.552685,11.5125
2007.555425,11.4875
2007.558164,11.575
2007.560904,11.5875
2007.563644,11.75
2007.566384,11.6125
2007.569123,11.9375
2007.571863,12.1125
2007.574603,12
2007.577342,11.9875
2007.580082,12.06
2007.582822,11.06647596
2007.585562,11.23577212
2007.588301,11.25983942
2007.591041,11.38946731
2007.593781,11.37351058
2007.596521,11.35065962
2007.59926,11.14342212
2007.602,11.19497308
2007.60474,11.24412019
2007.607479,11.43525769
2007.610219,11.45382308
2007.612959,11.6214375
2007.615699,11.67946827
2007.618438,11.54801923
2007.621178,11.69656731
2007.623918,11.67608365
2007.626658,11.69460481
2007.629397,11.76720577
2007.632137,11.87727885
2007.634877,12.04152049
2007.637616,11.98363864
2007.640356,12.00935909
2007.643096,13.2826
2007.645836,12.7938
2007.648575,12.6458
2007.651315,12.6094
2007.654055,12.7948
2007.656795,13.024
2007.659534,13.176
2007.662274,12.8344
2007.665014,12.6667
2007.667753,12.7896
2007.670493,12.975
2007.673233,13.1073
2007.675973,13.1594
2007.678712,13.0031
2007.681452,12.9469
2007.684192,12.9417
2007.686932,12.9938
2007.689671,13.0094
2007.692411,13.1698
2007.695151,13.2854
2007.69789,13.3021
2007.70063,13.3302
2007.70337,13.1573
2007.70611,13.0688
2007.708849,13.4583
2007.711589,14.0792
2007.714329,14.0896
2007.717068,13.9844
2007.719808,13.7167
2007.722548,13.8604
2007.725288,13.8333
2007.728027,14.051
2007.730767,14.0948
2007.733507,14.2094
2007.736247,14.2313
2007.738986,14.124
2007.741726,14.0771
2007.744466,14.0927
2007.747205,14.1
2007.749945,14.1
2007.752685,14.1
2007.755425,14.1
2007.758164,14.1
2007.760904,14.1
2007.763644,14.1
2007.766384,14.1
2007.769123,14.1
2007.771863,14.1104
2007.774603,14.1
2007.777342,14.1
2007.780082,14.1
2007.782822,14.1
2007.785562,14.1
2007.788301,14.1
2007.791041,14.1
2007.793781,14.1
2007.796521,14.0979
2007.79926,14.0906
2007.802,14.0927
2007.80474,14.0729
2007.807479,14.1
2007.810219,14.0271
2007.812959,14.001
2007.815699,13.8573
2007.818438,13.7344
2007.821178,13.7208
2007.823918,13.726
2007.826658,13.7
2007.829397,13.7
2007.832137,13.7
2007.834877,13.6875
2007.837616,13.7
2007.840356,13.7
2007.843096,13.6875
2007.845836,13.6375
2007.848575,13.575
2007.851315,13.5
2007.854055,13.475
2007.856795,13.425
2007.859534,13.4
2007.862274,13.35
2007.865014,13.3
2007.867753,13.3
2007.870493,13.125
2007.873233,13.125
2007.875973,13.1
2007.878712,13.15
2007.881452,13.1375
2007.884192,12.9625
2007.886932,12.9625
2007.889671,13
2007.892411,12.95
2007.895151,12.8125
2007.89789,12.7375
2007.90063,12.625
2007.90337,12.6
2007.90611,12.6
2007.908849,12.55
2007.911589,12.5625
2007.914329,12.325
2007.917068,12.25
2007.919808,11.9125
2007.922548,12.025
2007.925288,11.95
2007.928027,11.9625
2007.930767,11.825
2007.933507,11.7875
2007.936247,11.7375
2007.938986,11.7
2007.941726,11.6875
2007.944466,11.5
2007.947205,11.5
2007.949945,11.5
2007.952685,11.425
2007.955425,11.4
2007.958164,11.425
2007.960904,11.44
2007.963644,11.4125
2007.966384,11.3375
2007.969123,11.3
2007.971863,11.2
2007.974603,11.1625
2007.977342,11.1
2007.980082,11.0125
2007.982822,11.0125
2007.985562,10.9375
2007.988301,10.85
2007.991041,10.7625
2007.993781,10.7375
2007.996521,10.6875
2007.99926,10.7
2008.002,10.7
2008.004732,10.7
2008.007464,10.65
2008.010197,10.54
2008.012929,10.4375
2008.015661,10.3
2008.018393,10.2875
2008.021126,10.225
2008.023858,10.075
2008.02659,9.925
2008.029322,9.925
2008.032055,9.825
2008.034787,9.925
2008.037519,9.9875
2008.040251,9.9125
2008.042984,9.8625
2008.045716,9.8125
2008.048448,9.825
2008.05118,9.825
2008.053913,9.825
2008.056645,9.875
2008.059377,9.9125
2008.062109,9.9375
2008.064842,9.8
2008.067574,9.75
2008.070306,9.575
2008.073038,8.9625
2008.07577,8.8625
2008.078503,8.7875
2008.081235,8.9375
2008.083967,9.175
2008.086699,9.0375
2008.089432,9.0875
2008.092164,8.9
2008.094896,8.775
2008.097628,8.8625
2008.100361,8.8875
2008.103093,8.9625
2008.105825,8.9125
2008.108557,8.9375
2008.11129,8.9625
2008.114022,9.025
2008.116754,9.0125
2008.119486,9.04
2008.122219,9.0375
2008.124951,9.0625
2008.127683,9.05
2008.130415,9.025
2008.133148,9.1125
2008.13588,9.1
2008.138612,9.1
2008.141344,9.0375
2008.144077,8.975
2008.146809,8.7875
2008.149541,8.7125
2008.152273,8.6375
2008.155005,8.4875
2008.157738,8.4625
2008.16047,8.475
2008.163202,8.475
2008.165934,8.45
2008.168667,8.475
2008.171399,8.425
2008.174131,8.4
2008.176863,8.4
2008.179596,8.25
2008.182328,8.1875
2008.18506,8.15
2008.187792,8.2625
2008.190525,8.3375
2008.193257,8.4
2008.195989,8.2
2008.198721,8.1375
2008.201454,8.1875
2008.204186,8.1125
2008.206918,8.1125
2008.20965,8.175
2008.212383,8.125
2008.215115,8.075
2008.217847,8.0625
2008.220579,8.1125
2008.223311,8.05
2008.226044,8
2008.228776,8
2008.231508,7.9875
2008.23424,7.9625
2008.236973,7.9
2008.239705,7.9625
2008.242437,7.925
2008.245169,7.9875
2008.247902,8.08
2008.250634,8.2125
2008.253366,8.0375
2008.256098,8
2008.258831,8
2008.261563,8
2008.264295,8.0625
2008.267027,8.0125
2008.26976,8.0125
2008.272492,8.1375
2008.275224,8.1625
2008.277956,8.2375
2008.280689,8.325
2008.283421,8.4
2008.286153,8.4
2008.288885,8.4125
2008.291617,8.45
2008.29435,8.4875
2008.297082,8.4875
2008.299814,8.5
2008.302546,8.4375
2008.305279,8.4125
2008.308011,8.4625
2008.310743,8.4625
2008.313475,8.525
2008.316208,8.625
2008.31894,8.6125
2008.321672,8.55
2008.324404,8.5125
2008.327137,8.5125
2008.329869,8.5
2008.332601,8.5875
2008.335333,8.6875
2008.338066,8.6625
2008.340798,8.65
2008.34353,8.6375
2008.346262,8.48
2008.348995,8.4125
2008.351727,8.425
2008.354459,8.4375
2008.357191,8.4375
2008.359923,8.425
2008.362656,8.475
2008.365388,8.45
2008.36812,8.5
2008.370852,8.5625
2008.373585,8.55
2008.376317,8.5
2008.379049,8.475
2008.381781,8.4625
2008.384514,8.475
2008.387246,8.4875
2008.389978,8.5
2008.39271,8.55
2008.395443,8.5
2008.398175,8.5125
2008.400907,8.5125
2008.403639,8.4
2008.406372,8.4625
2008.409104,8.475
2008.411836,8.4125
2008.414568,8.425
2008.417301,8.4375
2008.420033,8.4
2008.422765,8.4
2008.425497,8.425
2008.42823,8.4125
2008.430962,8.4571
2008.433694,8.5
2008.436426,8.55
2008.439158,8.5625
2008.441891,8.9625
2008.444623,8.6125
2008.447355,8.5125
2008.450087,8.5625
2008.45282,8.65
2008.455552,8.95
2008.458284,8.8625
2008.461016,8.925
2008.463749,8.8375
2008.466481,8.8125
2008.469213,8.975
2008.471945,9.075
2008.474678,9.05
2008.47741,9.1375
2008.480142,9.2125
2008.482874,9.325
2008.485607,9.15
2008.488339,9.3875
2008.491071,9.4375
2008.493803,9.425
2008.496536,9.6875
2008.499268,10.075
2008.502,10.0375
2008.504732,9.7875
2008.507464,9.875
2008.510197,10.05
2008.512929,10.1625
2008.515661,10.225
2008.518393,10.1625
2008.521126,10.1
2008.523858,10.15
2008.52659,10.2875
2008.529322,10.35
2008.532055,10.275
2008.534787,10.4
2008.537519,10.425
2008.540251,10.5125
2008.542984,10.6625
2008.545716,10.775
2008.548448,11.0375
2008.55118,11
2008.553913,11.1
2008.556645,11.1125
2008.559377,10.9625
2008.562109,11.7375
2008.564842,11.8125
2008.567574,11.8125
2008.570306,11.925
2008.573038,11.5875
2008.57577,11.4125
2008.578503,11.375
2008.581235,11.375
2008.583967,11.675
2008.586699,11.8125
2008.589432,11.8
2008.592164,11.8125
2008.594896,11.85
2008.597628,11.875
2008.600361,11.8625
2008.603093,11.9
2008.605825,12.0125
2008.608557,12.0625
2008.61129,12.125
2008.614022,12.125
2008.616754,12.125
2008.619486,12.45
2008.622219,12.3625
2008.624951,12.1375
2008.627683,12.075
2008.630415,12.0375
2008.633148,12.175
2008.63588,12.24
2008.638612,12.375
2008.641344,12.65
2008.644077,12.4875
2008.646809,12.6375
2008.649541,12.5
2008.652273,12.375
2008.655005,11.7375
2008.657738,11.725
2008.66047,12.0625
2008.663202,12.525
2008.665934,12.75
2008.668667,12.7875
2008.671399,12.8
2008.674131,12.825
2008.676863,12.7125
2008.679596,12.9875
2008.682328,13.0125
2008.68506,13.2
2008.687792,14.0375
2008.690525,14.4
2008.693257,14.85
2008.695989,14.675
2008.698721,14.55
2008.701454,14.5625
2008.704186,14.7
2008.706918,14.6625
2008.70965,14.3375
2008.712383,14.25
2008.715115,14.3
2008.717847,14.3375
2008.720579,14.2125
2008.723311,14.2
2008.726044,14.2375
2008.728776,14.525
2008.731508,14.7375
2008.73424,14.7625
2008.736973,14.5875
2008.739705,14.525
2008.742437,14.55
2008.745169,14.4625
2008.747902,14.725
2008.750634,14.9125
2008.753366,14.8
2008.756098,14.475
2008.758831,14.5625
2008.761563,14.4875
2008.764295,14.425
2008.767027,14.375
2008.76976,14.4
2008.772492,14.5
2008.775224,14.4875
2008.777956,14.4875
2008.780689,14.5
2008.783421,14.5
2008.786153,14.525
2008.788885,14.5
2008.791617,14.5375
2008.79435,14.5
2008.797082,14.475
2008.799814,14.525
2008.802546,14.5
2008.805279,14.5
2008.808011,14.4875
2008.810743,14.5
2008.813475,14.325
2008.816208,13.35
2008.81894,13.25
2008.821672,13.3125
2008.824404,13.25
2008.827137,13.1875
2008.829869,13.0375
2008.832601,12.9125
2008.835333,12.9375
2008.838066,12.9167
2008.840798,12.9375
2008.84353,12.95
2008.846262,12.925
2008.848995,12.8125
2008.851727,12.7625
2008.854459,12.6875
2008.857191,12.625
2008.859923,12.4625
2008.862656,12.475
2008.865388,12.475
2008.86812,12.45
2008.870852,12.4875
2008.873585,12.4875
2008.876317,12.45
2008.879049,12.2625
2008.881781,12.25
2008.884514,12.2625
2008.887246,12.175
2008.889978,12.25
2008.89271,12.2
2008.895443,12.2
2008.898175,12.025
2008.900907,12
2008.903639,12.0125
2008.906372,11.975
2008.909104,11.8375
2008.911836,11.7375
2008.914568,11.7375
2008.917301,11.68
2008.920033,11.5875
2008.922765,11.4875
2008.925497,11.4125
2008.92823,11.3875
2008.930962,11.2875
2008.933694,11.3
2008.936426,11.2875
2008.939158,11.1875
2008.941891,11.025
2008.944623,10.9875
2008.947355,10.9625
2008.950087,10.8625
2008.95282,10.725
2008.955552,10.725
2008.958284,10.7
2008.961016,10.6625
2008.963749,10.1875
2008.966481,10.4
2008.969213,10.175
2008.971945,9.95
2008.974678,9.8
2008.97741,9.7875
2008.980142,9.5
2008.982874,9.575
2008.985607,9.7875
2008.988339,9.725
2008.991071,9.7625
2008.993803,9.7125
2008.996536,9.8
2008.999268,9.7625
2009.002,9.6625
2009.00474,9.675
2009.007479,9.675
2009.010219,9.6875
2009.012959,9.66
2009.015699,9.5625
2009.018438,9.5
2009.021178,9.425
2009.023918,9.3
2009.026658,9.2625
2009.029397,9.1875
2009.032137,9.1375
2009.034877,9.175
2009.037616,9.2
2009.040356,9.1375
2009.043096,9.1375
2009.045836,9.1625
2009.048575,9.15
2009.051315,9.1
2009.054055,9.0375
2009.056795,9.0125
2009.059534,9
2009.062274,8.9625
2009.065014,9
2009.067753,8.95
2009.070493,8.9875
2009.073233,8.9
2009.075973,8.925
2009.078712,8.9375
2009.081452,8.875
2009.084192,8.925
2009.086932,8.8125
2009.089671,8.8125
2009.092411,8.85
2009.095151,8.9
2009.09789,8.65
2009.10063,8.45
2009.10337,8.55
2009.10611,8.4875
2009.108849,8.4375
2009.111589,8.475
2009.114329,8.45
2009.117068,8.4125
2009.119808,8.4
2009.122548,8.4
2009.125288,8.4
2009.128027,8.4
2009.130767,8.4
2009.133507,8.4125
2009.136247,8.4125
2009.138986,8.4
2009.141726,8.4
2009.144466,8.4
2009.147205,8.4
2009.149945,8.4
2009.152685,8.4
2009.155425,8.4
2009.158164,8.4
2009.160904,8.4
2009.163644,8.4
2009.166384,8.4
2009.169123,8.4
2009.171863,8.4
2009.174603,8.3375
2009.177342,8.3375
2009.180082,8.325
2009.182822,8.3625
2009.185562,8.375
2009.188301,8.2625
2009.191041,8.225
2009.193781,8.225
2009.196521,8.2875
2009.19926,8.3
2009.202,8.3375
2009.20474,8.2875
2009.207479,8.2125
2009.210219,8.2
2009.212959,8.1625
2009.215699,8.275
2009.218438,8.3375
2009.221178,8.2875
2009.223918,8.2625
2009.226658,8.275
2009.229397,8.2375
2009.232137,8.175
2009.234877,8.1375
2009.237616,8.0375
2009.240356,8.0375
2009.243096,8.0833
2009.245836,8.1
2009.248575,8.0875
2009.251315,8.1
2009.254055,8.075
2009.256795,8.05
2009.259534,8.0375
2009.262274,8.0375
2009.265014,8.025
2009.267753,8.0625
2009.270493,8
2009.273233,8
2009.275973,8
2009.278712,7.9875
2009.281452,7.975
2009.284192,8.025
2009.286932,8.1
2009.289671,8.05
2009.292411,8
2009.295151,8.0125
2009.29789,8.075
2009.30063,8.075
2009.30337,8.0875
2009.30611,8.075
2009.308849,8.05
2009.311589,8.0125
2009.314329,8.0125
2009.317068,8.0125
2009.319808,8.075
2009.322548,8.0625
2009.325288,8.025
2009.328027,8.1875
2009.330767,8.2625
2009.333507,8.125
2009.336247,8.075
2009.338986,8.1125
2009.341726,8.1625
2009.344466,8.2
2009.347205,8.2
2009.349945,8.2
2009.352685,8.2375
2009.355425,8.3
2009.358164,8.3
2009.360904,8.3
2009.363644,8.2375
2009.366384,8.2875
2009.369123,8.2875
2009.371863,8.3375
2009.374603,8.275
2009.377342,8.3375
2009.380082,8.5375
2009.382822,8.4875
2009.385562,8.475
2009.388301,8.425
2009.391041,8.4
2009.393781,8.3875
2009.396521,8.4
2009.39926,8.4
2009.402,8.4
2009.40474,8.3875
2009.407479,8.4
2009.410219,8.4625
2009.412959,8.5
2009.415699,8.5
2009.418438,8.5
2009.421178,8.5875
2009.423918,8.5875
2009.426658,8.5625
2009.429397,8.7
2009.432137,8.7875
2009.434877,8.9125
2009.437616,8.8
2009.440356,8.8143
2009.443096,8.925
2009.445836,8.95
2009.448575,8.9625
2009.451315,9.0625
2009.454055,9.1375
2009.456795,9.1875
2009.459534,9.225
2009.462274,9.025
2009.465014,9.0375
2009.467753,9.0375
2009.470493,9.1375
2009.473233,9.375
2009.475973,9.6
2009.478712,9.6375
2009.481452,10.025
2009.484192,9.775
2009.486932,9.7875
2009.489671,9.6
2009.492411,9.5875
2009.495151,9.6625
2009.49789,9.7625
2009.50063,9.9125
2009.50337,9.825
2009.50611,9.675
2009.508849,9.6875
2009.511589,9.825
2009.514329,9.975
2009.517068,10
2009.519808,10.0375
2009.522548,10.15
2009.525288,10.2
2009.528027,10.25
2009.530767,10.3625
2009.533507,10.3625
2009.536247,10.36
2009.538986,10.475
2009.541726,10.3875
2009.544466,10.1625
2009.547205,10.2875
2009.549945,10.3375
2009.552685,10.2875
2009.555425,10.2375
2009.558164,10.1625
2009.560904,10.275
2009.563644,10.6625
2009.566384,10.65
2009.569123,10.6
2009.571863,10.7
2009.574603,10.7125
2009.577342,10.7
2009.580082,10.6625
2009.582822,11.05
2009.585562,11.8
2009.588301,11.6375
2009.591041,10.9125
2009.593781,11.1625
2009.596521,12.05
2009.59926,12.4375
2009.602,12.475
2009.60474,12.3875
2009.607479,12.35
2009.610219,12.325
2009.612959,12.4125
2009.615699,12.375
2009.618438,12.35
2009.621178,12.375
2009.623918,11.9375
2009.626658,11.6625
2009.629397,11.9
2009.632137,12.9
2009.634877,12.6375
2009.637616,12.475
2009.640356,12.65
2009.643096,12.55
2009.645836,12.575
2009.648575,12.7125
2009.651315,12.8125
2009.654055,12.825
2009.656795,12.75
2009.659534,12.4
2009.662274,12.4125
2009.665014,12.4375
2009.667753,12.5
2009.670493,12.7125
2009.673233,12.7625
2009.675973,12.825
2009.678712,12.725
2009.681452,12.6875
2009.684192,12.4875
2009.686932,12.6625
2009.689671,13.1
2009.692411,13.5375
2009.695151,13.5
2009.69789,13.4
2009.70063,13.3875
2009.70337,13.6375
2009.70611,13.725
2009.708849,12.825
2009.711589,12.675
2009.714329,12.725
2009.717068,12.7625
2009.719808,12.7
2009.722548,12.775
2009.725288,12.725
2009.728027,13
2009.730767,13.45
2009.733507,14.025
2009.736247,13.975
2009.738986,13.8125
2009.741726,14.1125
2009.744466,13.9125
2009.747205,14.15
2009.749945,14.2125
2009.752685,14.15
2009.755425,13.825
2009.758164,14.0625
2009.760904,14.075
2009.763644,14.1
2009.766384,14.1
2009.769123,14.1
2009.771863,14.1
2009.774603,14.1
2009.777342,14.1
2009.780082,14.1
2009.782822,14.1
2009.785562,14.1
2009.788301,14.1
2009.791041,14.1
2009.793781,14.1
2009.796521,14.1
2009.79926,14.1
2009.802,14.1
2009.80474,14.05
2009.807479,13.975
2009.810219,13.925
2009.812959,13.9
2009.815699,13.875
2009.818438,13.8875
2009.821178,13.9
2009.823918,13.9
2009.826658,13.8875
2009.829397,13.85
2009.832137,13.7857
2009.834877,13.75
2009.837616,13.6625
2009.840356,13.6
2009.843096,13.5125
2009.845836,13.4375
2009.848575,13.4375
2009.851315,13.2875
2009.854055,13.225
2009.856795,13.2
2009.859534,13.1875
2009.862274,13.0375
2009.865014,13.075
2009.867753,13.0625
2009.870493,12.9
2009.873233,12.8625
2009.875973,12.9375
2009.878712,12.8875
2009.881452,12.7625
2009.884192,12.7875
2009.886932,12.875
2009.889671,12.725
2009.892411,12.85
2009.895151,12.525
2009.89789,12.5625
2009.90063,12.6625
2009.90337,12.625
2009.90611,12.7
2009.908849,12.6625
2009.911589,12.65
2009.914329,12.5125
2009.917068,12.4125
2009.919808,12.35
2009.922548,12.325
2009.925288,12.26
2009.928027,12.2125
2009.930767,12.25
2009.933507,12.225
2009.936247,12.175
2009.938986,12.1
2009.941726,12.075
2009.944466,11.95
2009.947205,11.8125
2009.949945,11.7125
2009.952685,11.775
2009.955425,11.775
2009.958164,11.725
2009.960904,11.7125
2009.963644,11.575
2009.966384,11.425
2009.969123,11.35
2009.971863,11.3
2009.974603,11.15
2009.977342,11.175
2009.980082,11.1125
2009.982822,11.0375
2009.985562,10.9125
2009.988301,10.95
2009.991041,10.8625
2009.993781,10.85
2009.996521,10.5375
2009.99926,10.2875
2010.002,9.925
2010.00474,10.225
2010.007479,10.2
2010.010219,10.02
2010.012959,9.65
2010.015699,9.5625
2010.018438,9.575
2010.021178,9.4625
2010.023918,9.5625
2010.026658,9.575
2010.029397,9.2625
2010.032137,9.2125
2010.034877,9.1375
2010.037616,8.9875
2010.040356,8.9875
2010.043096,8.875
2010.045836,8.75
2010.048575,8.6125
2010.051315,8.55
2010.054055,8.5625
2010.056795,8.6
2010.059534,8.525
2010.062274,8.6125
2010.065014,8.5375
2010.067753,8.375
2010.070493,8.1
2010.073233,7.8125
2010.075973,7.6
2010.078712,7.6625
2010.081452,7.75
2010.084192,7.8625
2010.086932,8.025
2010.089671,8.1875
2010.092411,8.2875
2010.095151,8.275
2010.09789,8.2625
2010.10063,8.3375
2010.10337,8.1875
2010.10611,8.05
2010.108849,8
2010.111589,8.025
2010.114329,7.9125
2010.117068,7.9875
2010.119808,7.9625
2010.122548,7.95
2010.125288,7.9375
2010.128027,7.875
2010.130767,7.8
2010.133507,7.725
2010.136247,7.6625
2010.138986,7.675
2010.141726,7.625
2010.144466,7.78
2010.147205,8.0125
2010.149945,7.975
2010.152685,7.6875
2010.155425,7.6875
2010.158164,7.625
2010.160904,7.625
2010.163644,7.7
2010.166384,7.6875
2010.169123,7.7
2010.171863,7.7125
2010.174603,7.6875
2010.177342,7.7375
2010.180082,7.775
2010.182822,7.775
2010.185562,7.7875
2010.188301,7.8125
2010.191041,7.7875
2010.193781,7.8125
2010.196521,7.8
2010.19926,7.75
2010.202,7.7375
2010.20474,7.7625
2010.207479,7.725
2010.210219,7.65
2010.212959,7.7
2010.215699,7.7125
2010.218438,7.7
2010.221178,7.7
2010.223918,7.7
2010.226658,7.6875
2010.229397,7.675
2010.232137,7.65
2010.234877,7.6
2010.237616,7.6
2010.240356,7.6
2010.243096,7.6
2010.245836,7.6
2010.248575,7.6
2010.251315,7.575
2010.254055,7.5875
2010.256795,7.5875
2010.259534,7.6
2010.262274,7.6
2010.265014,7.6
2010.267753,7.6
2010.270493,7.575
2010.273233,7.6
2010.275973,7.6
2010.278712,7.6
2010.281452,7.6
2010.284192,7.6
2010.286932,7.6
2010.289671,7.6
2010.292411,7.6
2010.295151,7.6
2010.29789,7.6
2010.30063,7.6
2010.30337,7.6
2010.30611,7.6
2010.308849,7.6
2010.311589,7.6
2010.314329,7.6
2010.317068,7.6
2010.319808,7.6
2010.322548,7.6
2010.325288,7.6
2010.328027,7.6
2010.330767,7.6
2010.333507,7.6
2010.336247,7.62
2010.338986,7.7125
2010.341726,7.7
2010.344466,7.6125
2010.347205,7.6375
2010.349945,7.8625
2010.352685,7.775
2010.355425,7.6125
2010.358164,7.625
2010.360904,7.6125
2010.363644,7.8
2010.366384,7.9625
2010.369123,8.05
2010.371863,8.025
2010.374603,7.8875
2010.377342,7.8625
2010.380082,7.9375
2010.382822,8.05
2010.385562,8.1125
2010.388301,8.0875
2010.391041,7.9125
2010.393781,7.8875
2010.396521,7.925
2010.39926,7.975
2010.402,8.025
2010.40474,8
2010.407479,8.05
2010.410219,8.1
2010.412959,8.05
2010.415699,8.025
2010.418438,8.1
2010.421178,8.3375
2010.423918,8.3125
2010.426658,8.2125
2010.429397,8.0375
2010.432137,8
2010.434877,8.0875
2010.437616,8.1
2010.440356,8.075
2010.443096,8.125
2010.445836,8.1375
2010.448575,8.2375
2010.451315,8.2875
2010.454055,8.375
2010.456795,8.4
2010.459534,8.4
2010.462274,8.4125
2010.465014,8.4625
2010.467753,8.5625
2010.470493,8.45
2010.473233,8.4125
2010.475973,8.45
2010.478712,8.45
2010.481452,8.4375
2010.484192,8.4625
2010.486932,8.5
2010.489671,8.45
2010.492411,8.5
2010.495151,8.5
2010.49789,8.5875
2010.50063,8.7375
2010.50337,8.925
2010.50611,9.1875
2010.508849,10.025
2010.511589,10.3
2010.514329,10.075
2010.517068,10.1875
2010.519808,10.2875
2010.522548,10.5125
2010.525288,10.575
2010.528027,10.5875
2010.530767,10.5125
2010.533507,10.5875
2010.536247,10.6125
2010.538986,10.5625
2010.541726,10.5
2010.544466,10.55
2010.547205,10.6125
2010.549945,10.6375
2010.552685,10.65
2010.555425,10.6875
2010.558164,10.7
2010.560904,10.6875
2010.563644,10.7
2010.566384,10.7
2010.569123,10.7375
2010.571863,10.9375
2010.574603,11.0125
2010.577342,10.9875
2010.580082,10.9875
2010.582822,10.425
2010.585562,10.5875
2010.588301,10.75
2010.591041,10.7875
2010.593781,10.7875
2010.596521,10.7375
2010.59926,10.75
2010.602,10.7
2010.60474,10.7
2010.607479,10.7375
2010.610219,11.0125
2010.612959,11.0625
2010.615699,10.9625
2010.618438,10.9875
2010.621178,11.0625
2010.623918,11.15
2010.626658,11.225
2010.629397,11.24
2010.632137,11.15
2010.634877,11.2625
2010.637616,11.25
2010.640356,11.275
2010.643096,11.775
2010.645836,11.6125
2010.648575,11.375
2010.651315,11.3
2010.654055,11.3875
2010.656795,11.4
2010.659534,11.35
2010.662274,11.7
2010.665014,12.1375
2010.667753,11.675
2010.670493,11.375
2010.673233,11.4
2010.675973,11.3875
2010.678712,11.4125
2010.681452,11.7
2010.684192,11.65
2010.686932,11.7375
2010.689671,12.4625
2010.692411,12.4375
2010.695151,12.425
2010.69789,12.55
2010.70063,12.2125
2010.70337,12.1
2010.70611,12.5
2010.708849,12.875
2010.711589,12.0875
2010.714329,12.05
2010.717068,12.05
2010.719808,12.0625
2010.722548,11.975
2010.725288,12.0625
2010.728027,12.2375
2010.730767,12.6
2010.733507,12.5375
2010.736247,12.4
2010.738986,12.85
2010.741726,12.9625
2010.744466,12.6625
2010.747205,12.4
2010.749945,12.45
2010.752685,12.575
2010.755425,12.6875
2010.758164,12.9625
2010.760904,12.9375
2010.763644,13.2125
2010.766384,13.4625
2010.769123,13.6625
2010.771863,13.65
2010.774603,13.725
2010.777342,13.725
2010.780082,13.725
2010.782822,13.475
2010.785562,13.5125
2010.788301,13.1
2010.791041,12.95
2010.793781,13.1375
2010.796521,13.175
2010.79926,13.15
2010.802,13.0625
2010.80474,13.0625
2010.807479,13.125
2010.810219,13.2
2010.812959,13.1875
2010.815699,13.2125
2010.818438,13.2
2010.821178,13.2
2010.823918,13.2
2010.826658,13.1875
2010.829397,13.1125
2010.832137,13.1125
2010.834877,13.075
2010.837616,13.37717614
2010.840356,12.94
2010.843096,12.975
2010.845836,12.9375
2010.848575,12.9
2010.851315,12.8625
2010.854055,12.775
2010.856795,12.6875
2010.859534,12.7
2010.862274,12.675
2010.865014,12.4875
2010.867753,12.45
2010.870493,12.4
2010.873233,12.4
2010.875973,12.325
2010.878712,12.2875
2010.881452,12.425
2010.884192,12.4875
2010.886932,12.3875
2010.889671,12.275
2010.892411,12.2
2010.895151,12.5375
2010.89789,12.5125
2010.90063,12.3875
2010.90337,12.325
2010.90611,12.275
2010.908849,12.4125
2010.911589,12.375
2010.914329,12.175
2010.917068,11.9875
2010.919808,11.825
2010.922548,11.7625
2010.925288,11.8375
2010.928027,11.675
2010.930767,11.5625
2010.933507,11.45
2010.936247,11.3571
2010.938986,11.35
2010.941726,11.3
2010.944466,11.2875
2010.947205,11.225
2010.949945,11.1625
2010.952685,11.0875
2010.955425,11
2010.958164,10.925
2010.960904,10.9875
2010.963644,10.825
2010.966384,10.6125
2010.969123,10.5125
2010.971863,10.375
2010.974603,10.3125
2010.977342,10.1875
2010.980082,10.2875
2010.982822,10.2125
2010.985562,10.0875
2010.988301,10.0375
2010.991041,10.0125
2010.993781,9.9375
2010.996521,9.9625
2010.99926,10
2011.002,9.9625
2011.00474,9.8875
2011.007479,9.8333
2011.010219,9.7375
2011.012959,9.6375
2011.015699,9.55
2011.018438,9.4125
2011.021178,9.3875
2011.023918,9.375
2011.026658,9.3375
2011.029397,9.3375
2011.032137,9.25
2011.034877,9.2
2011.037616,9.2
2011.040356,9.2
2011.043096,9.275
2011.045836,9.2125
2011.048575,9.025
2011.051315,9.2
2011.054055,9.1625
2011.056795,9.125
2011.059534,9.1
2011.062274,8.9
2011.065014,8.7375
2011.067753,8.6875
2011.070493,8.65
2011.073233,8.675
2011.075973,8.6875
2011.078712,8.5625
2011.081452,8.5125
2011.084192,8.6375
2011.086932,8.4875
2011.089671,8.6375
2011.092411,8.7
2011.095151,8.7
2011.09789,8.675
2011.10063,8.4875
2011.10337,8.525
2011.10611,8.475
2011.108849,8.45
2011.111589,8.45
2011.114329,8.45
2011.117068,8.4375
2011.119808,8.4
2011.122548,8.4
2011.125288,8.4
2011.128027,8.4125
2011.130767,8.5
2011.133507,8.5
2011.136247,8.5
2011.138986,8.4375
2011.141726,8.4
2011.144466,8.4
2011.147205,8.4
2011.149945,8.4
2011.152685,8.4
2011.155425,8.4
2011.158164,8.4125
2011.160904,8.4
2011.163644,8.45
2011.166384,8.425
2011.169123,8.4
2011.171863,8.4
2011.174603,8.4
2011.177342,8.3625
2011.180082,8.375
2011.182822,8.4
2011.185562,8.4
2011.188301,8.3875
2011.191041,8.4
2011.193781,8.4
2011.196521,8.4
2011.19926,8.4
2011.202,8.4
2011.20474,8.3875
2011.207479,8.2875
2011.210219,8.2875
2011.212959,8.1875
2011.215699,8.1
2011.218438,8.15
2011.221178,8.2
2011.223918,8.1625
2011.226658,8.2
2011.229397,8.2125
2011.232137,8.175
2011.234877,8.175
2011.237616,8.175
2011.240356,8.1
2011.243096,8.1
2011.245836,8.125
2011.248575,8.2
2011.251315,8.2
2011.254055,8.2
2011.256795,8.2
2011.259534,8.175
2011.262274,8.175
2011.265014,8.125
2011.267753,8.1875
2011.270493,8.2
2011.273233,8.1375
2011.275973,8.1
2011.278712,8.1125
2011.281452,8.1125
2011.284192,8.1125
2011.286932,8.1125
2011.289671,8.15
2011.292411,8.175
2011.295151,8.175
2011.29789,8.1
2011.30063,8.1
2011.30337,8.1
2011.30611,8.1
2011.308849,8.1
2011.311589,8.1125
2011.314329,8.125
2011.317068,8.15
2011.319808,8.3
2011.322548,8.3625
2011.325288,8.25
2011.328027,8.725
2011.330767,9.0625
2011.333507,9
2011.336247,8.9125
2011.338986,8.825
2011.341726,8.8625
2011.344466,8.8875
2011.347205,8.9
2011.349945,8.9
2011.352685,8.9
2011.355425,8.9
2011.358164,8.9
2011.360904,8.7375
2011.363644,8.575
2011.366384,8.75
2011.369123,8.8625
2011.371863,8.825
2011.374603,8.8286
2011.377342,8.8
2011.380082,8.875
2011.382822,8.925
2011.385562,8.95
2011.388301,8.95
2011.391041,9.025
2011.393781,9
2011.396521,8.9125
2011.39926,9.0375
2011.402,9.15
2011.40474,9.1375
2011.407479,9.1125
2011.410219,9.1875
2011.412959,9.25
2011.415699,9.2625
2011.418438,9.35
2011.421178,9.4
2011.423918,9.4
2011.426658,9.45
2011.429397,9.5125
2011.432137,9.5
2011.434877,9.5
2011.437616,9.45
2011.440356,9.4125
2011.443096,9.4
2011.445836,9.3875
2011.448575,9.4
2011.451315,9.4375
2011.454055,9.4875
2011.456795,9.5
2011.459534,9.55
2011.462274,9.8375
2011.465014,9.925
2011.467753,10
2011.470493,9.95
2011.473233,9.95
2011.475973,9.85
2011.478712,9.775
2011.481452,9.725
2011.484192,9.8
2011.486932,9.8
2011.489671,9.8
2011.492411,9.8375
2011.495151,9.7875
2011.49789,9.9625
2011.50063,10.0375
2011.50337,9.8375
2011.50611,9.95
2011.508849,10.175
2011.511589,10.1125
2011.514329,10.125
2011.517068,10.2375
2011.519808,10.3125
2011.522548,10.3375
2011.525288,10.3125
2011.528027,10.325
2011.530767,10.3125
2011.533507,10.0875
2011.536247,10.2125
2011.538986,10.2
2011.541726,10.225
2011.544466,10.2875
2011.547205,10.325
2011.549945,10.3125
2011.552685,10.5
2011.555425,10.6625
2011.558164,10.6625
2011.560904,10.65
2011.563644,10.7125
2011.566384,10.7875
2011.569123,11.1
2011.571863,11.5875
2011.574603,11.5625
2011.577342,11.3875
2011.580082,11.55
2011.582822,11.725
2011.585562,11.45
2011.588301,11.1
2011.591041,11.2375
2011.593781,11.1375
2011.596521,11.2
2011.59926,11.05
2011.602,11.0375
2011.60474,11.15
2011.607479,11.225
2011.610219,11.125
2011.612959,11.275
2011.615699,11.2625
2011.618438,11.125
2011.621178,11.1375
2011.623918,11.275
2011.626658,11.625
2011.629397,11.75
2011.632137,11.66
2011.634877,11.8625
2011.637616,12.3625
2011.640356,12.8125
2011.643096,12.8
2011.645836,12.2375
2011.648575,11.85
2011.651315,12.6375
2011.654055,12.85
2011.656795,12.65
2011.659534,12.3625
2011.662274,12.2
2011.665014,12.1125
2011.667753,12.275
2011.670493,12.225
2011.673233,12.1
2011.675973,12.25
2011.678712,12.525
2011.681452,12.35
2011.684192,12.4
2011.686932,12.9
2011.689671,12.6375
2011.692411,12.3
2011.695151,12.6125
2011.69789,12.725
2011.70063,12.875
2011.70337,13.5625
2011.70611,13.6875
2011.708849,13.7
2011.711589,13.7
2011.714329,13.7
2011.717068,13.7
2011.719808,13.7
2011.722548,13.7
2011.725288,13.6875
2011.728027,13.7
2011.730767,13.5125
2011.733507,13.6
2011.736247,13.66
2011.738986,13.6625
2011.741726,13.5625
2011.744466,13.6125
2011.747205,13.65
2011.749945,13.6
2011.752685,13.5625
2011.755425,13.7125
2011.758164,13.8125
2011.760904,13.725
2011.763644,13.6625
2011.766384,13.8
2011.769123,13.8
2011.771863,13.825
2011.774603,13.7125
2011.777342,13.725
2011.780082,13.85
2011.782822,13.8625
2011.785562,13.825
2011.788301,13.8
2011.791041,13.8125
2011.793781,13.8375
2011.796521,13.7125
2011.79926,13.7
2011.802,13.6125
2011.80474,13.5875
2011.807479,13.5375
2011.810219,13.4875
2011.812959,13.4875
2011.815699,13.5
2011.818438,13.5
2011.821178,13.4375
2011.823918,13.4
2011.826658,13.3875
2011.829397,13.3875
2011.832137,13.4
2011.834877,13.4
2011.837616,13.4
2011.840356,13.4125
2011.843096,13.4875
2011.845836,13.5375
2011.848575,13.475
2011.851315,13.4125
2011.854055,13.4
2011.856795,13.3875
2011.859534,13.4
2011.862274,13.375
2011.865014,13.3375
2011.867753,13.325
2011.870493,13.3875
2011.873233,13.325
2011.875973,13.3
2011.878712,13.3375
2011.881452,13.4375
2011.884192,13.3
2011.886932,13.3625
2011.889671,13.125
2011.892411,13.2125
2011.895151,13.3625
2011.89789,13.2875
2011.90063,13.125
2011.90337,12.9375
2011.90611,12.8625
2011.908849,12.7
2011.911589,12.6625
2011.914329,12.6125
2011.917068,12.6125
2011.919808,12.6
2011.922548,12.5875
2011.925288,12.5375
2011.928027,12.35
2011.930767,12.2
2011.933507,11.9375
2011.936247,11.8
2011.938986,11.5625
2011.941726,11.4625
2011.944466,11.4167
2011.947205,11.4
2011.949945,11.375
2011.952685,10.9125
2011.955425,11.025
2011.958164,11.0125
2011.960904,10.975
2011.963644,10.9375
2011.966384,10.8625
2011.969123,10.4875
2011.971863,10.075
2011.974603,10.2625
2011.977342,10.3875
2011.980082,10.4875
2011.982822,10.525
2011.985562,10.5375
2011.988301,10.6875
2011.991041,10.6625
2011.993781,10.425
2011.996521,10.05
2011.99926,10.1375
2012.002,10.0125
2012.004732,9.9125
2012.007464,9.9
2012.010197,9.8875
2012.012929,9.8375
2012.015661,9.7
2012.018393,10.31361979
2012.021126,10.28248229
2012.023858,10.18725208
2012.02659,10.17931146
2012.029322,10.12336591
2012.032055,10.10734091
2012.034787,10.06412159
2012.037519,10.00296818
2012.040251,9.974207292
2012.042984,9.940730208
2012.045716,9.8639875
2012.048448,9.770510417
2012.05118,9.755215625
2012.053913,9.736907292
2012.056645,9.713672917
2012.059377,9.68508125
2012.062109,9.627567708
2012.064842,9.572097917
2012.067574,9.530491667
2012.070306,9.434667708
2012.073038,9.367846875
2012.07577,9.2973375
2012.078503,9.247060417
2012.081235,9.231323958
2012.083967,9.160646667
2012.086699,9.1410625
2012.089432,9.117854167
2012.092164,9.078041667
2012.094896,9.029083333
2012.097628,9.015645833
2012.100361,9.007333333
2012.103093,8.951166667
2012.105825,8.9065625
2012.108557,8.827020833
2012.11129,8.743708333
2012.114022,8.719791667
2012.116754,8.674520833
2012.119486,8.631958333
2012.122219,8.5841875
2012.124951,8.575041667
2012.127683,8.55825
2012.130415,8.555041667
2012.133148,8.534145833
2012.13588,8.543333333
2012.138612,8.528625
2012.141344,8.502520833
2012.144077,8.5203125
2012.146809,8.511854167
2012.149541,8.454645833
2012.152273,8.406041667
2012.155005,8.331045455
2012.157738,8.307409091
2012.16047,8.310690909
2012.163202,8.314777273
2012.165934,8.24965
2012.168667,8.258309091
2012.171399,8.249195455
2012.174131,8.230468182
2012.176863,8.223536364
2012.179596,8.2109
2012.182328,8.215741667
2012.18506,8.206825
2012.187792,8.222041667
2012.190525,8.2192375
2012.193257,8.205108333
2012.195989,8.1982
2012.198721,8.18495
2012.201454,8.200354167
2012.204186,8.193804167
2012.206918,8.1493
2012.20965,8.121279167
2012.212383,8.112554167
2012.215115,8.1069625
2012.217847,8.1161875
2012.220579,8.117733333
2012.223311,8.135295833
2012.226044,8.155291667
2012.228776,8.153691667
2012.231508,8.149958333
2012.23424,8.143041667
2012.236973,8.126154167
2012.239705,8.121258333
2012.242437,8.11665
2012.245169,8.107570833
2012.247902,8.1033625
2012.250634,8.104904167
2012.253366,8.105270833
2012.256098,8.101275
2012.258831,8.096633333
2012.261563,8.090545833
2012.264295,8.093816667
2012.267027,8.077783333
2012.26976,8.081020833
2012.272492,8.072127273
2012.275224,8.089509091
2012.277956,8.091581818
2012.280689,8.087145455
2012.283421,8.084091667
2012.286153,8.103279167
2012.288885,8.1293125
2012.291617,8.1300625
2012.29435,8.1336375
2012.297082,8.133008333
2012.299814,8.134083333
2012.302546,8.128320833
2012.305279,8.1293375
2012.308011,8.126879167
2012.310743,8.12545
2012.313475,8.121416667
2012.316208,8.13245
2012.31894,8.156233333
2012.321672,8.177779167
2012.324404,8.1985625
2012.327137,8.253783333
2012.329869,8.2875875
2012.332601,8.267666667
2012.335333,8.295379167
2012.338066,8.289491667
2012.340798,8.30365
2012.34353,8.312991667
2012.346262,8.320283333
2012.348995,8.320858333
2012.351727,8.342566667
2012.354459,8.447795833
2012.357191,8.419833333
2012.359923,8.485354545
2012.362656,8.458966667
2012.365388,8.5231375
2012.36812,8.593520833
2012.370852,8.637466667
2012.373585,8.556845833
2012.376317,8.490425
2012.379049,8.518425
2012.381781,8.55495
2012.384514,8.602379167
2012.387246,8.664416667
2012.389978,8.648479167
2012.39271,8.641754545
2012.395443,8.646888021
2012.398175,8.684111458
2012.400907,8.7636125
2012.403639,8.787275
2012.406372,8.809016667
2012.409104,8.821491667
2012.411836,8.827553125
2012.414568,8.822775
2012.417301,8.825751042
2012.420033,8.864334375
2012.422765,8.855491667
2012.425497,8.870210417
2012.42823,8.875271875
2012.430962,9
2012.433694,9
2012.436426,9.025
2012.439158,9.175
2012.441891,9.2375
2012.444623,9.35
2012.447355,9.4875
2012.450087,9.6375
2012.45282,9.675
2012.455552,9.4875
2012.458284,9.95
2012.461016,9.9375
2012.463749,10.325
2012.466481,10.675
2012.469213,10.8
2012.471945,10.525
2012.474678,10.675
2012.47741,10.7625
2012.480142,10.15
2012.482874,10.125
2012.485607,10.0125
2012.488339,9.575
2012.491071,9.65
2012.493803,9.5875
2012.496536,9.4625
2012.499268,9.4875
2012.502,9.6625
2012.504732,9.8625
2012.507464,9.925
2012.510197,9.9
2012.512929,10.025
2012.515661,9.9625
2012.518393,10.125
2012.521126,10.225
2012.523858,10.325
2012.52659,10.3125
2012.529322,10.375
2012.532055,10.475
2012.534787,10.6
2012.537519,10.45
2012.540251,10.45
2012.542984,10.6375
2012.545716,10.65
2012.548448,10.625
2012.55118,10.6875
2012.553913,10.875
2012.556645,10.925
2012.559377,10.8
2012.562109,10.4875
2012.564842,10.675
2012.567574,11.025
2012.570306,10.575
2012.573038,10.525
2012.57577,10.78
2012.578503,11.2125
2012.581235,11.4
2012.583967,11.6125
2012.586699,11.3625
2012.589432,11.5
2012.592164,11.8875
2012.594896,11.85
2012.597628,11.775
2012.600361,11.725
2012.603093,11.725
2012.605825,11.7
2012.608557,11.725
2012.61129,11.775
2012.614022,11.6625
2012.616754,11.725
2012.619486,11.825
2012.622219,11.875
2012.624951,11.9
2012.627683,11.9125
2012.630415,12.4
2012.633148,12.8
2012.63588,12.6375
2012.638612,12.2875
2012.641344,12.1
2012.644077,12.1375
2012.646809,12.175
2012.649541,12.25
2012.652273,12.375
2012.655005,13.275
2012.657738,12.825
2012.66047,13.225
2012.663202,12.75
2012.665934,12.65
2012.668667,12.8
2012.671399,12.75
2012.674131,12.6625
2012.676863,12.375
2012.679596,12.175
2012.682328,12.225
2012.68506,12.2
2012.687792,12.225
2012.690525,12.8
2012.693257,12.7875
2012.695989,12.2625
2012.698721,12.3375
2012.701454,12.525
2012.704186,12.725
2012.706918,13.025
2012.70965,13.25
2012.712383,13.4375
2012.715115,13.7375
2012.717847,13.825
2012.720579,13.7875
2012.723311,13.875
2012.726044,13.95
2012.728776,14
2012.731508,13.85
2012.73424,13.9875
2012.736973,14.0625
2012.739705,14.26
2012.742437,14.6375
2012.745169,14.6
2012.747902,14.6
2012.750634,14.6
2012.753366,14.6
2012.756098,14.6
2012.758831,14.475
2012.761563,14.3375
2012.764295,14.3125
2012.767027,14.3125
2012.76976,14.1625
2012.772492,13.95
2012.775224,14.1
2012.777956,14.1
2012.780689,14.0875
2012.783421,14.075
2012.786153,14.025
2012.788885,13.85
2012.791617,13.8
2012.79435,13.7125
2012.797082,13.725
2012.799814,13.925
2012.802546,13.825
2012.805279,14
2012.808011,13.875
2012.810743,13.75
2012.813475,13.725
2012.816208,13.725
2012.81894,13.7125
2012.821672,13.5
2012.824404,13.7375
2012.827137,13.7
2012.829869,13.65
2012.832601,13.65
2012.835333,13.475
2012.838066,13.275
2012.840798,12.875
2012.84353,13.0125
2012.846262,12.8875
2012.848995,12.95
2012.851727,13.1
2012.854459,12.9
2012.857191,12.9
2012.859923,12.9
2012.862656,12.9
2012.865388,12.8875
2012.86812,12.8375
2012.870852,12.8
2012.873585,12.75
2012.876317,12.725
2012.879049,12.675
2012.881781,12.6
2012.884514,12.375
2012.887246,12.2125
2012.889978,12.2
2012.89271,12.25
2012.895443,12.2125
2012.898175,11.95
2012.900907,11.9
2012.903639,11.9125
2012.906372,11.9
2012.909104,11.9375
2012.911836,11.85
2012.914568,11.85
2012.917301,11.75
2012.920033,11.6875
2012.922765,11.675
2012.925497,11.5625
2012.92823,11.5286
2012.930962,11.35
2012.933694,11.2625
2012.936426,11.1875
2012.939158,11.3125
2012.941891,11.2125
2012.944623,10.875
2012.947355,11.1
2012.950087,11.1375
2012.95282,11
2012.955552,10.975
2012.958284,10.9875
2012.961016,10.9625
2012.963749,11
2012.966481,10.875
2012.969213,10.9
2012.971945,10.775
2012.974678,10.675
2012.97741,10.6
2012.980142,10.6
2012.982874,10.6
2012.985607,10.55
2012.988339,10.45
2012.991071,10.4
2012.993803,10.4
2012.996536,10.4
2012.999268,10.3875
2013.002,10.4
2013.00474,10.3
2013.007479,10.32
2013.010219,10.3125
2013.012959,10.3
2013.015699,10.3
2013.018438,10.3375
2013.021178,10.3
2013.023918,10.3
2013.026658,10.3
2013.029397,10.225
2013.032137,10.2
2013.034877,10.125
2013.037616,10.125
2013.040356,10.1
2013.043096,10.0375
2013.045836,9.925
2013.048575,9.5375
2013.051315,9.4
2013.054055,9.475
2013.056795,9.425
2013.059534,9.325
2013.062274,9.3625
2013.065014,9.3375
2013.067753,9.275
2013.070493,9.175
2013.073233,9.125
2013.075973,9.125
2013.078712,9.1
2013.081452,9.1
2013.084192,9.0875
2013.086932,8.9375
2013.089671,8.675
2013.092411,8.725
2013.095151,8.875
2013.09789,8.8
2013.10063,9.075
2013.10337,9
2013.10611,8.8
2013.108849,8.675
2013.111589,8.5125
2013.114329,8.5
2013.117068,8.3125
2013.119808,8.1375
2013.122548,8.2
2013.125288,8.2
2013.128027,8.2
2013.130767,8.2
2013.133507,8.2
2013.136247,8.2
2013.138986,8.2
2013.141726,8.2
2013.144466,8.3
2013.147205,8.3125
2013.149945,8.25
2013.152685,8.275
2013.155425,8.1875
2013.158164,8.125
2013.160904,8.1
2013.163644,8.075
2013.166384,8.025
2013.169123,8.025
2013.171863,8.025
2013.174603,7.9
2013.177342,7.875
2013.180082,7.85
2013.182822,7.8
2013.185562,7.8
2013.188301,7.8
2013.191041,7.8
2013.193781,7.775
2013.196521,7.7
2013.19926,7.7
2013.202,7.65
2013.20474,7.65
2013.207479,7.7
2013.210219,7.7
2013.212959,7.5
2013.215699,7.5
2013.218438,7.5
2013.221178,7.5
2013.223918,7.5
2013.226658,7.5
2013.229397,7.5
2013.232137,7.5
2013.234877,7.5
2013.237616,7.5
2013.240356,7.5
2013.243096,7.48
2013.245836,7.425
2013.248575,7.4
2013.251315,7.325
2013.254055,7.225
2013.256795,7.1625
2013.259534,7.1375
2013.262274,7.1125
2013.265014,7.175
2013.267753,7.2
2013.270493,7.2
2013.273233,7.2
2013.275973,7.2
2013.278712,7.2
2013.281452,7.2125
2013.284192,7.1875
2013.286932,7.2
2013.289671,7.2
2013.292411,7.2
2013.295151,7.2
2013.29789,7.2
2013.30063,7.2
2013.30337,7.1875
2013.30611,7.2
2013.308849,7.2
2013.311589,7.2
2013.314329,7.2
2013.317068,7.2
2013.319808,7.2
2013.322548,7.2
2013.325288,7.1875
2013.328027,7.175
2013.330767,7.15
2013.333507,7.1125
2013.336247,7.1
2013.338986,7.1
2013.341726,7.1
2013.344466,7.1
2013.347205,7.1
2013.349945,7.1
2013.352685,7.1
2013.355425,7.1
2013.358164,7.1125
2013.360904,7.1
2013.363644,7.1
2013.366384,7.1
2013.369123,7.1
2013.371863,7.1
2013.374603,7.1
2013.377342,7.1
2013.380082,7.1
2013.382822,7.1
2013.385562,7.2625
2013.388301,7.7
2013.391041,7.5
2013.393781,7.525
2013.396521,7.275
2013.39926,7.2
2013.402,7.3875
2013.40474,7.3375
2013.407479,7.225
2013.410219,7.3
2013.412959,7.4625
2013.415699,7.5625
2013.418438,7.5625
2013.421178,7.425
2013.423918,7.4125
2013.426658,7.475
2013.429397,7.28
2013.432137,7.325
2013.434877,7.35
2013.437616,7.4
2013.440356,7.4375
2013.443096,7.4875
2013.445836,7.6
2013.448575,7.55
2013.451315,7.675
2013.454055,7.7375
2013.456795,7.7125
2013.459534,7.825
2013.462274,7.9125
2013.465014,7.825
2013.467753,7.825
2013.470493,8.1
2013.473233,7.975
2013.475973,8
2013.478712,8.15
2013.481452,8.125
2013.484192,8.1375
2013.486932,8.175
2013.489671,8.275
2013.492411,8.3875
2013.495151,8.5375
2013.49789,8.1125
2013.50063,8.1
2013.50337,8.3625
2013.50611,8.45
2013.508849,8.65
2013.511589,8.6625
2013.514329,8.625
2013.517068,9.0125
2013.519808,8.6125
2013.522548,8.4625
2013.525288,9.0875
2013.528027,9.2375
2013.530767,9.225
2013.533507,9.475
2013.536247,9.7
2013.538986,9.8
2013.541726,9.7625
2013.544466,9.8
2013.547205,9.925
2013.549945,10.0125
2013.552685,10.0375
2013.555425,10.0125
2013.558164,10.0625
2013.560904,10.1
2013.563644,10.225
2013.566384,10.3
2013.569123,9.9875
2013.571863,9.7875
2013.574603,10.15
2013.577342,10.375
2013.580082,10.4
2013.582822,10.4
2013.585562,10.425
2013.588301,10.55
2013.591041,10.275
2013.593781,10.3
2013.596521,10.0375
2013.59926,9.4125
2013.602,9.75
2013.60474,10
2013.607479,10.3125
2013.610219,10.6
2013.612959,10.975
2013.615699,10.925
2013.618438,11.1375
2013.621178,11.55
2013.623918,10.6875
2013.626658,10.925
2013.629397,10.7
2013.632137,10.15
2013.634877,10.88
2013.637616,11.025
2013.640356,10.8375
2013.643096,11.675
2013.645836,11.4
2013.648575,11.1
2013.651315,11.2125
2013.654055,11.5
2013.656795,12
2013.659534,11.4625
2013.662274,11.35
2013.665014,11.2375
2013.667753,10.9125
2013.670493,10.525
2013.673233,11.5
2013.675973,11.625
2013.678712,11.425
2013.681452,11.9625
2013.684192,11.875
2013.686932,11.5375
2013.689671,11.7375
2013.692411,12.0875
2013.695151,11.6625
2013.69789,11.75
2013.70063,11.9125
2013.70337,11.8125
2013.70611,11.725
2013.708849,11.925
2013.711589,12.4125
2013.714329,12.625
2013.717068,12.45
2013.719808,12.675
2013.722548,12.875
2013.725288,12.9125
2013.728027,12.8
2013.730767,12.7625
2013.733507,12.7875
2013.736247,12.8375
2013.738986,12.9125
2013.741726,12.925
2013.744466,12.875
2013.747205,12.94
2013.749945,12.9375
2013.752685,12.825
2013.755425,12.825
2013.758164,12.7125
2013.760904,12.8125
2013.763644,12.85
2013.766384,12.775
2013.769123,12.675
2013.771863,12.65
2013.774603,12.7625
2013.777342,12.75
2013.780082,12.95
2013.782822,12.8375
2013.785562,12.9
2013.788301,13.025
2013.791041,13.075
2013.793781,13.1
2013.796521,13.1
2013.79926,13.1
2013.802,13.1
2013.80474,13.1
2013.807479,13.1
2013.810219,13.1
2013.812959,13.1
2013.815699,13.1
2013.818438,13.1
2013.821178,13.05
2013.823918,12.9
2013.826658,12.9
2013.829397,12.9
2013.832137,12.9
2013.834877,12.825
2013.837616,12.8
2013.840356,12.65
2013.843096,12.6
2013.845836,12.6
2013.848575,12.55
2013.851315,12.5125
2013.854055,12.475
2013.856795,12.3
2013.859534,12.3
2013.862274,12.4375
2013.865014,12.525
2013.867753,12.325
2013.870493,12.3
2013.873233,12.275
2013.875973,12.0875
2013.878712,11.9875
2013.881452,12.05
2013.884192,11.925
2013.886932,11.775
2013.889671,11.6375
2013.892411,11.6
2013.895151,11.65
2013.89789,11.6375
2013.90063,11.575
2013.90337,11.6
2013.90611,11.45
2013.908849,11.3875
2013.911589,11.4625
2013.914329,11.3
2013.917068,11.325
2013.919808,11.32
2013.922548,11.25
2013.925288,11.225
2013.928027,11.2125
2013.930767,11.1
2013.933507,11.025
2013.936247,11
2013.938986,10.9375
2013.941726,10.9
2013.944466,10.825
2013.947205,10.925
2013.949945,10.9875
2013.952685,10.8875
2013.955425,10.7
2013.958164,10.65
2013.960904,10.7
2013.963644,10.7
2013.966384,10.7
2013.969123,10.6125
2013.971863,10.6
2013.974603,10.55
2013.977342,10.4
2013.980082,10.375
2013.982822,10.175
2013.985562,10.1
2013.988301,10.1
2013.991041,10.075
2013.993781,10
2013.996521,10
2013.99926,9.95
2014.002,9.825
2014.00474,9.8
2014.007479,9.8
2014.010219,9.8
2014.012959,9.8
2014.015699,9.8
2014.018438,9.875
2014.021178,9.85
2014.023918,9.7875
2014.026658,9.7375
2014.029397,9.8125
2014.032137,9.7875
2014.034877,9.8857
2014.037616,9.975
2014.040356,9.875
2014.043096,9.8125
2014.045836,9.925
2014.048575,9.7125
2014.051315,9.725
2014.054055,9.7625
2014.056795,9.8
2014.059534,9.7875
2014.062274,9.8
2014.065014,9.775
2014.067753,9.775
2014.070493,9.525
2014.073233,9.425
2014.075973,9.4375
2014.078712,9.05
2014.081452,9.15
2014.084192,9.225
2014.086932,9.3375
2014.089671,9.15
2014.092411,9.05
2014.095151,9.1
2014.09789,9.1
2014.10063,9.1
2014.10337,9.1
2014.10611,9.075
2014.108849,9
2014.111589,9
2014.114329,9.1
2014.117068,9.1375
2014.119808,8.975
2014.122548,8.6125
2014.125288,8.675
2014.128027,8.5
2014.130767,8.7125
2014.133507,8.7
2014.136247,8.675
2014.138986,8.65
2014.141726,8.675
2014.144466,8.7
2014.147205,8.7
2014.149945,8.7
2014.152685,8.7
2014.155425,8.7
2014.158164,8.7
2014.160904,8.7
2014.163644,8.625
2014.166384,8.5
2014.169123,8.55
2014.171863,8.5
2014.174603,8.45
2014.177342,8.325
2014.180082,8.4125
2014.182822,8.4625
2014.185562,8.55
2014.188301,8.675
2014.191041,8.65
2014.193781,8.5125
2014.196521,8.5625
2014.19926,8.5
2014.202,8.625
2014.20474,8.65
2014.207479,8.725
2014.210219,8.675
2014.212959,8.675
2014.215699,8.525
2014.218438,8.525
2014.221178,8.5
2014.223918,8.4875
2014.226658,8.4875
2014.229397,8.5
2014.232137,8.475
2014.234877,8.45
2014.237616,8.4125
2014.240356,8.3125
2014.243096,8.275
2014.245836,8.35
2014.248575,8.325
2014.251315,8.35
2014.254055,8.25
2014.256795,8.225
2014.259534,8.2
2014.262274,8.2
2014.265014,8.2
2014.267753,8.2
2014.270493,8.2
2014.273233,8.325
2014.275973,8.4
2014.278712,8.4
2014.281452,8.4
2014.284192,8.4
2014.286932,8.4
2014.289671,8.4
2014.292411,8.4
2014.295151,8.4
2014.29789,8.4
2014.30063,8.4
2014.30337,8.4
2014.30611,8.4
2014.308849,8.4
2014.311589,8.4
2014.314329,8.4
2014.317068,8.4
2014.319808,8.4
2014.322548,8.5375
2014.325288,8.8
2014.328027,8.775
2014.330767,8.7625
2014.333507,8.6875
2014.336247,8.7
2014.338986,8.65
2014.341726,8.7
2014.344466,8.7
2014.347205,8.675
2014.349945,8.4375
2014.352685,8.6
2014.355425,8.675
2014.358164,8.625
2014.360904,8.7125
2014.363644,8.675
2014.366384,8.75
2014.369123,8.75
2014.371863,8.775
2014.374603,8.775
2014.377342,8.7
2014.380082,8.7
2014.382822,8.7875
2014.385562,8.825
2014.388301,8.8
2014.391041,8.85
2014.393781,8.825
2014.396521,8.875
2014.39926,8.875
2014.402,9
2014.40474,9.0625
2014.407479,9.2
2014.410219,9.1125
2014.412959,9
2014.415699,9.025
2014.418438,9
2014.421178,9
2014.423918,9
2014.426658,9.025
2014.429397,9.0125
2014.432137,9.0625
2014.434877,9.225
2014.437616,9.1875
2014.440356,9.2
2014.443096,9.2
2014.445836,9.25
2014.448575,9.3
2014.451315,9.375
2014.454055,9.45
2014.456795,9.4
2014.459534,9.525
2014.462274,9.5
2014.465014,9.525
2014.467753,9.725
2014.470493,9.6
2014.473233,9.6625
2014.475973,9.55
2014.478712,9.825
2014.481452,9.675
2014.484192,9.55
2014.486932,9.425
2014.489671,9.425
2014.492411,9.4625
2014.495151,9.5
2014.49789,9.55
2014.50063,9.8625
2014.50337,10.075
2014.50611,9.7875
2014.508849,9.6
2014.511589,10.0125
2014.514329,9.95
2014.517068,9.875
2014.519808,10.1875
2014.522548,10.3125
2014.525288,10.125
2014.528027,10.2125
2014.530767,9.8625
2014.533507,9.8
2014.536247,9.9
2014.538986,10.2875
2014.541726,10.9875
2014.544466,10.7375
2014.547205,10.7375
2014.549945,10.9875
2014.552685,10.8125
2014.555425,10.5
2014.558164,10.2375
2014.560904,10.3625
2014.563644,10.1
2014.566384,10.425
2014.569123,10.5125
2014.571863,10.3875
2014.574603,10.425
2014.577342,10.4
2014.580082,10.3875
2014.582822,10.425
2014.585562,10.5125
2014.588301,11.0375
2014.591041,11.6125
2014.593781,11.4625
2014.596521,11.5625
2014.59926,11.8125
2014.602,11.95
2014.60474,12.25
2014.607479,11.6625
2014.610219,11.375
2014.612959,11.5375
2014.615699,11.4375
2014.618438,11.25
2014.621178,11.575
2014.623918,11.8375
2014.626658,11.3
2014.629397,11.5375
2014.632137,12.1
2014.634877,12.04152049
2014.637616,11.98363864
2014.640356,12.00935909
2014.643096,12.18413977
2014.645836,12.16970568
2014.648575,12.13943409
2014.651315,12.16436477
2014.654055,12.18698295
2014.656795,12.22340795
2014.659534,12.22579091
2014.662274,12.24464773
2014.665014,12.30347727
2014.667753,12.3832125
2014.670493,12.24466705
2014.673233,12.35687159
2014.675973,12.34616932
2014.678712,12.40406023
2014.681452,12.54584659
2014.684192,12.47387955
2014.686932,12.48564318
2014.689671,12.57634205
2014.692411,12.65120909
2014.695151,12.71997614
2014.69789,12.70061023
2014.70063,12.7382375
2014.70337,12.91202955
2014.70611,13.04668636
2014.708849,13.12503523
2014.711589,13.15395568
2014.714329,13.24708977
2014.717068,13.17785114
2014.719808,13.25939205
2014.722548,13.29379659
2014.725288,13.27947727
2014.728027,13.32702273
2014.730767,13.39865909
2014.733507,13.37886364
2014.736247,13.35802273
2014.738986,13.40636364
2014.741726,13.44134091
2014.744466,13.4725625
2014.747205,13.47741667
2014.749945,13.43460417
2014.752685,13.45602083
2014.755425,13.53697917
2014.758164,13.638375
2014.760904,13.714
2014.763644,13.71541667
2014.766384,13.78754167
2014.769123,13.803125
2014.771863,13.79322917
2014.774603,13.779375
2014.777342,13.785
2014.780082,13.80960417
2014.782822,13.7771875
2014.785562,13.7733125
2014.788301,13.7231875
2014.791041,13.70227083
2014.793781,13.70860417
2014.796521,13.68741667
2014.79926,13.6560625
2014.802,13.66095833
2014.80474,13.64464583
2014.807479,13.58708333
2014.810219,13.59420833
2014.812959,13.58577083
2014.815699,13.5865
2014.818438,13.576875
2014.821178,13.53364583
2014.823918,13.482375
2014.826658,13.47195833
2014.829397,13.42594896
2014.832137,13.39909688
2014.834877,13.37510104
2014.837616,13.37717614
2014.840356,13.31208542
2014.843096,13.26165208
2014.845836,13.26340313
2014.848575,13.24470521
2014.851315,13.21259688
2014.854055,13.23163636
2014.856795,13.19056771
2014.859534,13.13362083
2014.862274,13.09380833
2014.865014,13.07121354
2014.867753,13.01477083
2014.870493,12.93804792
2014.873233,12.92967708
2014.875973,12.91273229
2014.878712,12.88546875
2014.881452,12.86696875
2014.884192,12.81410417
2014.886932,12.68980417
2014.889671,12.58929792
2014.892411,12.54243542
2014.895151,12.56244271
2014.89789,12.54297292
2014.90063,12.45032396
2014.90337,12.38125938
2014.90611,12.3419125
2014.908849,12.29624271
2014.911589,12.2586125
2014.914329,12.19784375
2014.917068,12.10960833
2014.919808,12.08083409
2014.922548,12.02025208
2014.925288,11.964875
2014.928027,11.90279167
2014.930767,11.84263438
2014.933507,11.76865729
2014.936247,11.66673333
2014.938986,11.58849688
2014.941726,11.48963021
2014.944466,11.44167708
2014.947205,11.42181563
2014.949945,11.39776667
2014.952685,11.32589479
2014.955425,11.28006667
2014.958164,11.24502604
2014.960904,11.20378542
2014.963644,11.17861458
2014.966384,11.1561
2014.969123,11.06074479
2014.971863,10.97622604
2014.974603,10.98620729
2014.977342,10.91287292
2014.980082,10.87901771
2014.982822,10.83910833
2014.985562,10.8212125
2014.988301,10.71607083
2014.991041,10.68104063
2014.993781,10.67181979
2014.996521,10.63746563
2014.99926,10.64514688
2015.002,10.45978438
2015.00474,10.44940729
2015.007479,10.39987917
2015.010219,10.32824271
2015.012959,10.27911042
2015.015699,10.1
2015.018438,10.3
2015.021178,10.225
2015.023918,9.9
2015.026658,10.125
2015.029397,9.9875
2015.032137,9.975
2015.034877,9.7375
2015.037616,9.7125
2015.040356,9.65
2015.043096,9.65
2015.045836,9.6
2015.048575,9.575
2015.051315,9.5
2015.054055,9.4625
2015.056795,9.4125
2015.059534,9.4875
2015.062274,9.35
2015.065014,9.25
2015.067753,9.1875
2015.070493,9.1125
2015.073233,9.1
2015.075973,9.0625
2015.078712,8.9375
2015.081452,8.825
2015.084192,8.7625
2015.086932,8.7
2015.089671,8.725
2015.092411,8.725
2015.095151,8.575
2015.09789,8.5125
2015.10063,8.5125
2015.10337,8.4875
2015.10611,8.45
2015.108849,8.4625
2015.111589,8.4625
2015.114329,8.3125
2015.117068,7.9625
2015.119808,8.1625
2015.122548,8.2875
2015.125288,8.25
2015.128027,8.25
2015.130767,8.2625
2015.133507,8.2625
2015.136247,8.325
2015.138986,8.2125
2015.141726,8.1
2015.144466,8.1
2015.147205,8.05
2015.149945,7.9875
2015.152685,7.9585
2015.155425,7.9435
2015.158164,7.8685
2015.160904,7.8596
2015.163644,7.8688
2015.166384,7.8014
2015.169123,7.7634
2015.171863,7.7089
2015.174603,7.7269
2015.177342,7.6464
2015.180082,7.5569
2015.182822,7.5599
2015.185562,7.3249
2015.188301,7.3925
2015.191041,7.4366
2015.193781,7.4278
2015.196521,7.4504
2015.19926,7.4944
2015.202,7.515
2015.20474,7.4769
2015.207479,7.4701
2015.210219,7.4716
2015.212959,7.4729
2015.215699,7.4728
2015.218438,7.456
2015.221178,7.4443
2015.223918,7.4328
2015.226658,7.449
2015.229397,7.4508
2015.232137,7.4565
2015.234877,7.4735
2015.237616,7.4636
2015.240356,7.4261
2015.243096,7.4398
2015.245836,7.4521
2015.248575,7.4146
2015.251315,7.3916
2015.254055,7.384
2015.256795,7.3828
2015.259534,7.3816
2015.262274,7.3753
2015.265014,7.3843
2015.267753,7.3964
2015.270493,7.392
2015.273233,7.3884
2015.275973,7.3886
2015.278712,7.3944
2015.281452,7.4026
2015.284192,7.3846
2015.286932,7.3786
2015.289671,7.3815
2015.292411,7.3905
2015.295151,7.3979
2015.29789,7.4041
2015.30063,7.4145
2015.30337,7.4191
2015.30611,7.4223
2015.308849,7.4258
2015.311589,7.4254
2015.314329,7.425
2015.317068,7.4309
2015.319808,7.4288
2015.322548,7.4211
2015.325288,7.4265
2015.328027,7.4404
2015.330767,7.4458
2015.333507,7.4485
2015.336247,7.4538
2015.338986,7.4704
2015.341726,7.4768
2015.344466,7.5114
2015.347205,7.5274
2015.349945,7.5798
2015.352685,7.6583
2015.355425,7.6783
2015.358164,7.7125
2015.360904,7.5139
2015.363644,7.4901
2015.366384,7.6114
2015.369123,7.8605
2015.371863,8.2166
2015.374603,8.1013
2015.377342,7.8911
2015.380082,7.9996
2015.382822,7.9884
2015.385562,7.9698
2015.388301,7.976
2015.391041,7.9615
2015.393781,7.9588
2015.396521,8.0744
2015.39926,8.2384
2015.402,8.2464
2015.40474,8.2769
2015.407479,8.3268
2015.410219,8.443
2015.412959,8.4253
2015.415699,8.3641
2015.418438,8.206
2015.421178,8.3208
2015.423918,8.2948
2015.426658,8.3916
2015.429397,8.6306
2015.432137,8.9166
2015.434877,9.019
2015.437616,8.9483
2015.440356,8.9505
2015.443096,8.969
2015.445836,8.961
2015.448575,8.9248
2015.451315,8.9525
2015.454055,8.9584
2015.456795,8.9459
2015.459534,8.9824
2015.462274,9.0985
2015.465014,9.037
2015.467753,8.9941
2015.470493,9.0236
2015.473233,9.0621
2015.475973,9.0513
2015.478712,9.0978
2015.481452,9.1198
2015.484192,9.1144
2015.486932,8.9938
2015.489671,8.6986
2015.492411,8.9773
2015.495151,9.2744
2015.49789,9.2598
2015.50063,9.2443
2015.50337,8.9521
2015.50611,8.973
2015.508849,9.0746
2015.511589,9.2028
2015.514329,9.229
2015.517068,9.309
2015.519808,9.2631
2015.522548,9.2928
2015.525288,9.3225
2015.528027,9.4239
2015.530767,9.3871
2015.533507,9.4755
2015.536247,9.7218
2015.538986,9.7954
2015.541726,9.7441
2015.544466,9.4916
2015.547205,9.7066
2015.549945,9.916
2015.552685,9.626125
2015.555425,9.852625
2015.558164,10.0775
2015.560904,10.193125
2015.563644,10.563
2015.566384,10.55975
2015.569123,10.457
2015.571863,10.474
2015.574603,10.437125
2015.577342,10.42525
2015.580082,10.5605
2015.582822,10.694125
2015.585562,10.927
2015.588301,11.05075
2015.591041,10.385875
2015.593781,10.529125
2015.596521,10.925375
2015.59926,10.397375
2015.602,10.182625
2015.60474,10.11525
2015.607479,11.145125
2015.610219,11.250625
2015.612959,11.232125
2015.615699,11.03725
2015.618438,10.39925
2015.621178,10.64325
2015.623918,10.638375
2015.626658,10.962125
2015.629397,11.0935
2015.632137,11.07475
2015.634877,10.848375
2015.637616,10.916125
2015.640356,11.398125
2015.643096,11.75175
2015.645836,11.84625
2015.648575,11.609625
2015.651315,11.70375
2015.654055,11.198375
2015.656795,11.198375
2015.659534,11.613375
2015.662274,11.729875
2015.665014,11.99275
2015.667753,12.250125
		 
2015.670493,12.368125
2015.673233,12.438125
2015.675973,12.4695
2015.678712,12.54025
2015.681452,12.618625
2015.684192,12.6275
2015.686932,12.678625
2015.689671,12.71175
2015.692411,12.52125
2015.695151,11.964375
2015.69789,11.248625
2015.70063,11.37425
2015.70337,11.647125
2015.70611,11.901125
2015.708849,11.909
2015.711589,11.987625
2015.714329,12.046125
2015.717068,12.126
2015.719808,12.389
2015.722548,12.378375
2015.725288,12.09375
2015.728027,12.20375
2015.730767,12.11375
2015.733507,12.1075
2015.736247,12.32375
2015.738986,12.4125
2015.741726,12.52125
2015.744466,12.65875
2015.747205,12.645
2015.749945,12.75125
2015.752685,12.54625
2015.755425,12.27875
2015.758164,12.49
2015.760904,12.635
2015.763644,12.7375
2015.766384,12.9025
2015.769123,13.0625
2015.771863,13.19625
2015.774603,13.1275
2015.777342,13.005
2015.780082,13.12125
2015.782822,13.39125
2015.785562,13.37625
2015.788301,13.31625
2015.791041,13.13875
2015.793781,13.19375
2015.796521,13.2075
2015.79926,13.01875
2015.802,13.05
2015.80474,13.11375
2015.807479,12.6275
2015.810219,13.035
2015.812959,13.14625
2015.815699,13.385
2015.818438,13.4125
2015.821178,13.30375
2015.823918,13.2945
2015.826658,13.292
2015.829397,13.2638875
2015.832137,13.2481625
2015.834877,13.2642125
2015.837616,13.2819375
2015.840356,13.274525
2015.843096,13.263825
2015.845836,13.2543375
2015.848575,13.2464625
2015.851315,13.2296625
2015.854055,13.23163636
2015.856795,13.1468125
2015.859534,13.13445
2015.862274,13.1177
2015.865014,13.0640625
2015.867753,12.96275
2015.870493,12.796575
2015.873233,12.814125
2015.875973,12.8142875
2015.878712,12.809625
2015.881452,12.766625
2015.884192,12.69725
2015.886932,12.53365
2015.889671,12.386575
2015.892411,12.330225
2015.895151,12.2973125
2015.89789,12.270675
2015.90063,12.2093875
2015.90337,12.1856125
2015.90611,12.18295
2015.908849,12.1179125
2015.911589,11.94085
2015.914329,11.9356
2015.917068,11.93575
2015.919808,12.08083409
2015.922548,11.8568375
2015.925288,11.40595
2015.928027,11.3835
2015.930767,11.4908
2015.933507,11.593625
2015.936247,11.407
2015.938986,11.5992125
2015.941726,11.473525
2015.944466,11.4027375
2015.947205,11.4078375
2015.949945,11.3572875
2015.952685,11.259575
2015.955425,11.2653375
2015.958164,11.2685375
2015.960904,11.2619375
2015.963644,11.2511375
2015.966384,11.2613625
2015.969123,11.33535
2015.971863,11.3009
2015.974603,11.51245
2015.977342,11.52595
2015.980082,11.3053
2015.982822,11.151175
2015.985562,11.1741125
2015.988301,11.033025
2015.991041,11.1084875
2015.993781,11.26825
2015.996521,11.4388375
2015.99926,11.3603875
2016.002,11.4190375
2016.004732,11.419475
2016.007464,11.36935
2016.010197,11.372725
2016.012929,11.36275
2016.015661,11.390575
2016.018393,11.41625
2016.021126,11.465
2016.023858,11.39875
2016.02659,11.20875
2016.029322,11.14
2016.032055,11.00375
2016.034787,10.91
2016.037519,10.83875
2016.040251,10.83
2016.042984,10.7525
2016.045716,10.645
2016.048448,10.7175
2016.05118,10.8475
2016.053913,10.79875
2016.056645,10.72625
2016.059377,10.76625
2016.062109,10.7425
2016.064842,10.735
2016.067574,10.7175
2016.070306,10.6925
2016.073038,10.7075
2016.07577,10.6725
2016.078503,10.70875
2016.081235,10.73125
2016.083967,10.0325
2016.086699,10.33625
2016.089432,10.56625
2016.092164,10.13
2016.094896,9.74
2016.097628,9.68875
2016.100361,9.6875
2016.103093,9.63
2016.105825,9.66875
2016.108557,9.58375
2016.11129,9.3675
2016.114022,9.4125
2016.116754,9.52375
2016.119486,9.475
2016.122219,9.34625
2016.124951,9.345
2016.127683,9.2875
2016.130415,9.1525
2016.133148,9.04625
2016.13588,9.2425
2016.138612,9.2025
2016.141344,9.01125
2016.144077,8.98875
2016.146809,8.96125
2016.149541,8.91625
2016.152273,8.8975
2016.155005,8.835
2016.157738,8.7825
2016.16047,8.815
2016.163202,8.75375
2016.165934,8.89125
2016.168667,8.935
2016.171399,8.84875
2016.174131,8.84875
2016.176863,8.8225
2016.179596,8.8375
2016.182328,8.6775
2016.18506,8.7775
2016.187792,8.73
2016.190525,8.73375
2016.193257,8.7225
2016.195989,8.7225
2016.198721,8.72
2016.201454,8.71875
2016.204186,8.71375
2016.206918,8.72
2016.20965,8.71625
2016.212383,8.71125
2016.215115,8.71125
2016.217847,8.69625
2016.220579,8.6925
2016.223311,8.67375
2016.226044,8.6475
2016.228776,8.605
2016.231508,8.655
2016.23424,8.64
2016.236973,8.62875
2016.239705,8.6525
2016.242437,8.635
2016.245169,8.57875
2016.247902,8.56375
2016.250634,8.56125
2016.253366,8.55875
2016.256098,8.5475
2016.258831,8.5225
2016.261563,8.51375
2016.264295,8.5125
2016.267027,8.5175
2016.26976,8.51625
2016.272492,8.5175
2016.275224,8.515
2016.277956,8.5125
2016.280689,8.495
2016.283421,8.4775
2016.286153,8.47125
2016.288885,8.48125
2016.291617,8.51125
2016.29435,8.51875
2016.297082,8.505
2016.299814,8.5125
2016.302546,8.51125
2016.305279,8.52375
2016.308011,8.53875
2016.310743,8.5625
2016.313475,8.55
2016.316208,8.5475
2016.31894,8.555
2016.321672,8.56625
2016.324404,8.57875
2016.327137,8.595
2016.329869,8.65625
2016.332601,8.6325
2016.335333,8.62125
2016.338066,8.63
2016.340798,8.6425
2016.34353,8.6775
2016.346262,8.6675
2016.348995,8.6625
2016.351727,8.6475
2016.354459,8.64875
2016.357191,8.645
2016.359923,8.6475
2016.362656,8.6625
2016.365388,8.69625
2016.36812,8.73625
2016.370852,8.805
2016.373585,8.83875
2016.376317,8.7975
2016.379049,8.84
2016.381781,8.7925
2016.384514,8.79875
2016.387246,8.8175
2016.389978,8.79375
2016.39271,8.641754545
2016.395443,8.76675625
2016.398175,8.7844375
2016.400907,8.81245
2016.403639,8.8269
2016.406372,8.8489
2016.409104,8.8689
2016.411836,8.9148375
2016.414568,8.9362
2016.417301,8.9625125
2016.420033,8.9967125
2016.422765,9.0531
2016.425497,9.127425
2016.42823,9.1121625
2016.430962,9.1994125
2016.433694,9.2288625
2016.436426,9.293725
2016.439158,9.2837
2016.441891,9.2278125
2016.444623,9.216175
2016.447355,9.38295
2016.450087,9.26005
2016.45282,9.2021
2016.455552,9.2668625
2016.458284,9.5669125
2016.461016,9.9484625
2016.463749,9.6385125
2016.466481,9.489175
2016.469213,9.476025
2016.471945,9.475875
2016.474678,9.495475
2016.47741,9.3951125
2016.480142,9.35315
2016.482874,9.448425
2016.485607,9.5763
2016.488339,9.592375
2016.491071,9.6312125
2016.493803,9.5260875
2016.496536,9.5323
2016.499268,9.5458125
2016.502,9.4940375
2016.504732,9.5264375
2016.507464,9.5763875
2016.510197,9.6275875
2016.512929,9.7505875
2016.515661,9.8377625
2016.518393,9.8268875
2016.521126,9.8056125
2016.523858,9.805275
2016.52659,9.7626625
2016.529322,9.8280875
2016.532055,10.048425
2016.534787,10.611625
2016.537519,10.1262875
2016.540251,11.5088
2016.542984,11.07425
2016.545716,10.822175
2016.548448,10.37675
2016.55118,10.1878125
2016.553913,10.4789125
2016.556645,10.7176375
2016.559377,10.786225
2016.562109,10.9569625
2016.564842,11.3006
2016.567574,11.2043375
2016.570306,11.2102
2016.573038,11.5424875
2016.57577,11.670775
2016.578503,11.179375
2016.581235,10.2785
2016.583967,10.6561125
2016.586699,11.22805
2016.589432,11.5444
2016.592164,11.72705
2016.594896,11.80435
2016.597628,11.8529
2016.600361,11.67635
2016.603093,11.3917875
2016.605825,11.6829125
2016.608557,11.8178125
2016.61129,12.087775
2016.614022,12.2139875
2016.616754,11.385275
2016.619486,12.4617875
2016.622219,12.680025
2016.624951,12.7359625
2016.627683,12.6821
2016.630415,12.4474875
2016.633148,12.4447375
2016.63588,12.2409
2016.638612,12.351325
2016.641344,12.4367875
2016.644077,12.4240125
2016.646809,12.44115
2016.649541,12.4642625
2016.652273,12.4759375
2016.655005,12.3601125
2016.657738,12.721325
2016.66047,12.34825
2016.663202,12.504
2016.665934,12.3707125
2016.668667,12.2112125
2016.671399,12.3964625
2016.674131,12.3163625
2016.676863,12.3929125
2016.679596,12.5251875
2016.682328,12.760175
2016.68506,13.11445
2016.687792,13.0115125
2016.690525,13.00705
2016.693257,13.1398625
2016.695989,13.0065875
2016.698721,13.0928625
2016.701454,13.1932
2016.704186,13.628925
2016.706918,13.6523875
2016.70965,13.6898875
2016.712383,13.7573625
2016.715115,13.7128625
2016.717847,13.6858125
2016.720579,13.7858875
2016.723311,13.825
2016.726044,13.75
2016.728776,13.7125
2016.731508,13.4
2016.73424,13.1125
2016.736973,13.475
2016.739705,13.5625
2016.742437,13.7125
2016.745169,13.925
2016.747902,14.0125
2016.750634,14.0125
2016.753366,14.05
2016.756098,14.1
2016.758831,14.1
2016.761563,14.1
2016.764295,14.175
2016.767027,14.2
2016.76976,14.2
2016.772492,14.175
2016.775224,14.1
2016.777956,14.075
2016.780689,14.0125
2016.783421,14
2016.786153,14
2016.788885,14
2016.791617,13.9875
2016.79435,13.9375
2016.797082,13.9
2016.799814,13.8625
2016.802546,13.825
2016.805279,13.8
2016.808011,13.8
2016.810743,13.8
2016.813475,13.7125
2016.816208,13.7
2016.81894,13.7
2016.821672,13.7
2016.824404,13.7
2016.827137,13.6375
2016.829869,13.5625
2016.832601,13.425
2016.835333,13.425
2016.838066,13.4
2016.840798,13.4375
2016.84353,13.375
2016.846262,13.2875
2016.848995,13.25
2016.851727,13.175
2016.854459,13.175
2016.857191,13.05
2016.859923,12.9875
2016.862656,12.9875
2016.865388,12.8
2016.86812,12.45
2016.870852,12.6
2016.873585,12.675
2016.876317,12.7125
2016.879049,12.7875
2016.881781,12.6875
2016.884514,12.55
2016.887246,12.475
2016.889978,12.4
2016.89271,11.85
2016.895443,12.15
2016.898175,12.15
2016.900907,12.1
2016.903639,11.925
2016.906372,12.125
2016.909104,12.125
2016.911836,12.047025
2016.914568,11.93555
2016.917301,11.767175
2016.920033,11.3796875
2016.922765,11.43655
2016.925497,11.552
2016.92823,11.5857125
2016.930962,11.6247625
2016.933694,11.6612
2016.936426,11.44325
2016.939158,11.1580375
2016.941891,11.3216875
2016.944623,11.44595
2016.947355,11.3349125
2016.950087,11.3441625
2016.95282,11.3244625
2016.955552,11.297275
2016.958284,11.3184875
2016.961016,11.3642375
2016.963749,11.3628375
2016.966481,11.3150875
2016.969213,11.0958125
2016.971945,10.9820375
2016.974678,10.695525
2016.97741,10.6419125
2016.980142,10.968625
2016.982874,10.9624375
2016.985607,10.358825
2016.988339,10.245
2016.991071,10.3150875
2016.993803,10.34625
2016.996536,10.320875
2016.999268,10.277875
2017.002,10.281375
2017.00474,10.3334125
2017.007479,10.3369
2017.010219,10.3356875
2017.012959,10.403575
2017.015699,10.3093625
2017.018438,10.3861875
2017.021178,10.4457875
2017.023918,10.412275
2017.026658,10.1219875
2017.029397,10.045025
2017.032137,10.083
2017.034877,9.9616375
2017.037616,9.9459
2017.040356,9.9409875
2017.043096,9.8592625
2017.045836,9.79435
2017.048575,9.871125
2017.051315,9.8460875
2017.054055,9.8451375
2017.056795,9.845325
2017.059534,9.785725
2017.062274,9.6113125
2017.065014,9.605675
2017.067753,9.8054
2017.070493,9.7940125
2017.073233,9.7201625
2017.075973,9.59605
2017.078712,9.576475
2017.081452,9.5651375
2017.084192,9.56726
2017.086932,9.6
2017.089671,9.6
2017.092411,9.538
2017.095151,9.5
2017.09789,9.5
2017.10063,9.45
2017.10337,9.4
2017.10611,9.4
2017.108849,9.35
2017.111589,9.3
2017.114329,9.213
2017.117068,9.15
2017.119808,9.1
2017.122548,9.1
2017.125288,9.1
2017.128027,9.05
2017.130767,9
2017.133507,9
2017.136247,9.013
2017.138986,8.988
2017.141726,8.963
2017.144466,8.975
2017.147205,9
2017.149945,8.9
2017.152685,8.767
2017.155425,8.331045455
2017.158164,8.307409091
2017.160904,8.310690909
2017.163644,8.314777273
2017.166384,8.24965
2017.169123,8.258309091
2017.171863,8.249195455
2017.174603,8.230468182
2017.177342,8.223536364
2017.180082,8.2109
2017.182822,8.7
2017.185562,8.7
2017.188301,8.713
2017.191041,8.763
2017.193781,8.8
2017.196521,8.788
2017.19926,8.775
2017.202,8.75
2017.20474,8.713
2017.207479,8.65
2017.210219,8.563
2017.212959,8.538
2017.215699,8.563
2017.218438,8.6
2017.221178,8.6
2017.223918,8.6
2017.226658,8.613
2017.229397,8.675
2017.232137,8.7
2017.234877,8.75
2017.237616,8.738
2017.240356,8.838
2017.243096,8.913
2017.245836,8.9
2017.248575,8.913
2017.251315,8.9
2017.254055,8.975
2017.256795,8.963
2017.259534,8.825
2017.262274,8.738
2017.265014,8.713
2017.267753,8.663
2017.270493,8.65
2017.273233,8.629
2017.275973,8.613
2017.278712,8.6
2017.281452,8.6
2017.284192,8.6
2017.286932,8.613
2017.289671,8.625
2017.292411,8.613
2017.295151,8.6
2017.29789,8.6
2017.30063,8.6
2017.30337,8.6
2017.30611,8.6
2017.308849,8.588
2017.311589,8.55
2017.314329,8.5
2017.317068,8.5
2017.319808,8.525
2017.322548,8.55
2017.325288,8.55
2017.328027,8.6
2017.330767,8.588
2017.333507,8.588
2017.336247,8.588
2017.338986,8.588
2017.341726,8.575
2017.344466,8.663
2017.347205,8.663
2017.349945,8.65
2017.352685,8.687
2017.355425,8.794
2017.358164,9.049
2017.360904,9.267
2017.363644,9.544
2017.366384,9.562
2017.369123,9.583
2017.371863,9.379
2017.374603,8.932
2017.377342,8.754
2017.380082,8.717
2017.382822,8.747
2017.385562,8.767
2017.388301,8.8
2017.391041,8.82
2017.393781,8.808
2017.396521,8.839
2017.39926,8.876
2017.402,8.958
2017.40474,8.993
2017.407479,9.103
2017.410219,9.129
2017.412959,9.105
2017.415699,9.021
2017.418438,9.033
2017.421178,9.047
2017.423918,9.036
2017.426658,9.041
2017.429397,9.066
2017.432137,9.087
2017.434877,9.124
2017.437616,9.16
2017.440356,9.154
2017.443096,9.149
2017.445836,9.17
2017.448575,9.461
2017.451315,9.619
2017.454055,9.845
2017.456795,9.972
2017.459534,9.972
2017.462274,10.234
2017.465014,10.233
2017.467753,10.22
2017.470493,10.144
2017.473233,10.147
2017.475973,10.201
2017.478712,10.236
2017.481452,10.258
2017.484192,10.297
2017.486932,10.341
2017.489671,10.37
2017.492411,10.401
2017.495151,10.403
2017.49789,10.406
2017.50063,10.424
2017.50337,10.437
2017.50611,10.457
2017.508849,10.501
2017.511589,10.621
2017.514329,10.694
2017.517068,10.719
2017.519808,10.725
2017.522548,10.813
2017.525288,10.925
2017.528027,10.963
2017.530767,11
2017.533507,10.988
2017.536247,11.038
2017.538986,11.05
2017.541726,11.025
2017.544466,11.425
2017.547205,11.2
2017.549945,11.513
2017.552685,11.55
2017.555425,11.65
2017.558164,11.688
2017.560904,11.663
2017.563644,11.663
2017.566384,11.663
2017.569123,11.675
2017.571863,11.7
2017.574603,11.688
2017.577342,11.65
2017.580082,11.6
2017.582822,11.75
2017.585562,11.838
2017.588301,11.8
2017.591041,12
2017.593781,12.138
2017.596521,12.1
2017.59926,11.838
2017.602,11.888
2017.60474,12.088
2017.607479,12.1
2017.610219,12.038
2017.612959,12.088
2017.615699,12.425
2017.618438,12.5
2017.621178,12.3
2017.623918,12.325
2017.626658,12.425
2017.629397,12.675
2017.632137,12.838
2017.634877,12.913
2017.637616,12.975
2017.640356,12.863
2017.643096,12.9
2017.645836,13.05
2017.648575,13.238
2017.651315,13.338
2017.654055,13.263
2017.656795,12.625
2017.659534,13.313
2017.662274,13
2017.665014,12.813
2017.667753,13.075
2017.670493,12.288
2017.673233,12.388
2017.675973,12.538
2017.678712,12.488
2017.681452,12.488
2017.684192,12.238
2017.686932,12.175
2017.689671,12.325
2017.692411,12.588
2017.695151,12.925
2017.69789,13.075
2017.70063,13.188
2017.70337,13.163
2017.70611,13.2
2017.708849,13.3
2017.711589,12.975
2017.714329,13.488
2017.717068,13.4
2017.719808,13.05
2017.722548,13.263
2017.725288,13.338
2017.728027,13.3
2017.730767,13.325
2017.733507,13.425
2017.736247,13.388
2017.738986,13.425
2017.741726,13.463
2017.744466,13.413
2017.747205,13.4
2017.749945,13.563
2017.752685,13.713
2017.755425,14.05
2017.758164,14.1
2017.760904,14.1
2017.763644,14
2017.766384,14
2017.769123,13.963
2017.771863,13.9
2017.774603,13.9
2017.777342,13.9
2017.780082,13.85
2017.782822,13.638
2017.785562,13.6
2017.788301,13.75
2017.791041,13.863
2017.793781,13.75
2017.796521,13.888
2017.79926,13.85
2017.802,13.825
2017.80474,13.8
2017.807479,13.713
2017.810219,13.7
2017.812959,13.7
2017.815699,13.7
2017.818438,13.792
2017.821178,13.667
2017.823918,13.648
2017.826658,13.625
2017.829397,13.578
2017.832137,13.532
2017.834877,13.482
2017.837616,13.472
2017.840356,13.447
2017.843096,13.393
2017.845836,13.302
2017.848575,13.279
2017.851315,13.247
2017.854055,13.216
2017.856795,13.213
2017.859534,13.159
2017.862274,12.979
2017.865014,12.969
2017.867753,12.974
2017.870493,12.877
2017.873233,12.852
2017.875973,12.859
2017.878712,12.733
2017.881452,12.58
2017.884192,12.581
2017.886932,12.317
2017.889671,12.323
2017.892411,12.431
2017.895151,12.522
2017.89789,12.487
2017.90063,12.365
2017.90337,12.062
2017.90611,11.998
2017.908849,12.004
2017.911589,11.988
2017.914329,11.861
2017.917068,11.816
2017.919808,11.912
2017.922548,11.966
2017.925288,11.94
2017.928027,11.85
2017.930767,11.692
2017.933507,11.353
2017.936247,10.958
2017.938986,10.977
2017.941726,11.034
2017.944466,11.001
2017.947205,10.946
2017.949945,10.752
2017.952685,10.757
2017.955425,10.841
2017.958164,10.898
2017.960904,10.754
2017.963644,10.651
2017.966384,10.65
2017.969123,10.7
2017.971863,10.664
2017.974603,10.65
2017.977342,10.587
2017.980082,10.615
2017.982822,10.34
2017.985562,10.443
2017.988301,10.181
2017.991041,10.179
2017.993781,10.153
2017.996521,10.049
2017.99926,10.156
2018.002,9.742
2018.00474,9.813
2018.007479,9.889
2018.010219,9.864
2018.012959,9.875
2018.015699,9.8
2018.018438,9.8
2018.021178,9.8
2018.023918,9.847
2018.026658,9.803
2018.029397,9.765
2018.032137,9.747
2018.034877,9.945
2018.037616,9.758
2018.040356,9.45
2018.043096,9.427
2018.045836,9.319
2018.048575,9.358
2018.051315,9.238
2018.054055,9.129
2018.056795,9.155
2018.059534,9.082
2018.062274,9.068
2018.065014,9.027
2018.067753,9.025
2018.070493,9.046
2018.073233,8.997
2018.075973,8.923
2018.078712,8.852
2018.081452,8.803
2018.084192,8.574
2018.086932,8.561
2018.089671,8.515
2018.092411,8.479
2018.095151,8.521
2018.09789,8.666
2018.10063,8.593
2018.10337,8.637
2018.10611,8.645
2018.108849,8.474
2018.111589,8.297
2018.114329,8.223
2018.117068,8.207
2018.119808,8.12
2018.122548,8.007
2018.125288,7.898
2018.128027,8.046
2018.130767,8.081
2018.133507,8.143
2018.136247,8.168
2018.138986,8.185
2018.141726,8.246
2018.144466,8.219
2018.147205,8.019
2018.149945,7.983
2018.152685,7.999
2018.155425,7.878
2018.158164,7.803
2018.160904,7.75
2018.163644,7.669
2018.166384,7.28
2018.169123,7.13
2018.171863,7.346
2018.174603,7.494
2018.177342,7.679
2018.180082,7.531
2018.182822,7.25
2018.185562,7.164
2018.188301,7.201
2018.191041,7.275
2018.193781,7.413
2018.196521,7.435
2018.19926,7.365
2018.202,7.508
2018.20474,7.529
2018.207479,7.4
2018.210219,7.241
2018.212959,7.27
2018.215699,7.398
2018.218438,7.419
2018.221178,7.411
2018.223918,7.41
2018.226658,7.4
2018.229397,7.394
2018.232137,7.388
2018.234877,7.385
2018.237616,7.379
2018.240356,7.32
2018.243096,7.266
2018.245836,7.258
2018.248575,7.256
2018.251315,7.248
2018.254055,7.31
2018.256795,7.306
2018.259534,7.288
2018.262274,7.246
2018.265014,7.255
2018.267753,7.253
2018.270493,7.249
2018.273233,7.231
2018.275973,7.24
2018.278712,7.275
2018.281452,7.338
2018.284192,7.284
2018.286932,7.294
2018.289671,7.495
2018.292411,7.483
2018.295151,7.488
2018.29789,7.481
2018.30063,7.449
2018.30337,7.444
2018.30611,7.405
2018.308849,7.383
2018.311589,7.375
2018.314329,7.375
2018.317068,7.356
2018.319808,7.335
2018.322548,7.326
2018.325288,7.353
2018.328027,7.384
2018.330767,7.46
2018.333507,7.46
2018.336247,7.464
2018.338986,7.459
2018.341726,7.448
2018.344466,7.51
2018.347205,7.58
2018.349945,7.628
2018.352685,7.636
2018.355425,7.655
2018.358164,7.643
2018.360904,8.485354545
2018.363644,7.655
2018.366384,7.7195
2018.369123,7.831
2018.371863,7.893
2018.374603,7.834
2018.377342,7.91
2018.380082,7.906
2018.382822,7.958
2018.385562,7.95
2018.388301,7.963
2018.391041,7.954
2018.393781,7.959
2018.396521,7.909
2018.39926,7.908
2018.402,8.013
2018.40474,8.151
2018.407479,7.965
2018.410219,7.935
2018.412959,7.966
2018.415699,7.965
2018.418438,8.004
2018.421178,8.054
2018.423918,8.011
2018.426658,8.059
2018.429397,8.161
2018.432137,8.261
2018.434877,8.288
2018.437616,8.226
2018.440356,8.34
2018.443096,8.376
2018.445836,8.489
2018.448575,8.556
2018.451315,8.524
2018.454055,8.573
2018.456795,8.625
2018.459534,8.665
2018.462274,8.83
2018.465014,8.958
2018.467753,9.081
2018.470493,9.108
2018.473233,8.913
2018.475973,8.963
2018.478712,9.053
2018.481452,9.136
2018.484192,9.13
2018.486932,9.161
2018.489671,9.171
2018.492411,9.149
2018.495151,8.991
2018.49789,8.959
2018.50063,9.119
2018.50337,9.115
2018.50611,8.986
2018.508849,8.988
2018.511589,8.978
2018.514329,9.01
2018.517068,9.02
2018.519808,8.998
2018.522548,9.039
2018.525288,9.095
2018.528027,9.227
2018.530767,9.411
2018.533507,9.361
2018.536247,9.319
2018.538986,9.48
2018.541726,9.535
2018.544466,9.641
2018.547205,9.588
2018.549945,10.098
2018.552685,10.383
2018.555425,10.024
2018.558164,10.022
2018.560904,9.554
2018.563644,9.799
2018.566384,9.706
2018.569123,9.668
2018.571863,9.451
2018.574603,9.505
2018.577342,9.624
2018.580082,10.281
2018.582822,10.577
2018.585562,11.156
2018.588301,11.53
2018.591041,11.513
2018.593781,11.544
2018.596521,11.608
2018.59926,10.633
2018.602,10.84
2018.60474,10.197
2018.607479,10.42
2018.610219,10.423
2018.612959,10.821
2018.615699,11.519
2018.618438,11.855
2018.621178,12.16
2018.623918,11.876
2018.626658,10.434
2018.629397,10.903
2018.632137,12.051
2018.634877,12.065
2018.637616,11.754
2018.640356,10.698
2018.643096,10.516
2018.645836,11.323
2018.648575,11.811
2018.651315,11.515
2018.654055,11.178
2018.656795,11.12
2018.659534,11.177
2018.662274,11.269
2018.665014,11.416
2018.667753,11.819
2018.670493,11.903
2018.673233,12.143
2018.675973,11.474
2018.678712,12.021
2018.681452,12.783
2018.684192,11.774
2018.686932,11.241
2018.689671,11.383
2018.692411,11.601
2018.695151,12.079
2018.69789,12.528
2018.70063,12.391
2018.70337,12.85
2018.70611,12.749
2018.708849,12.299
2018.711589,12.89
2018.714329,12.957
2018.717068,12.706
2018.719808,13.214
2018.722548,13.684
2018.725288,13.788
2018.728027,13.779
2018.730767,13.772
2018.733507,13.693
2018.736247,13.632
2018.738986,13.67
2018.741726,13.7
2018.744466,13.693
2018.747205,13.691
2018.749945,13.547
2018.752685,13.368
2018.755425,13.302
2018.758164,13.394
2018.760904,13.619
2018.763644,13.574
2018.766384,13.573
2018.769123,13.528
2018.771863,13.563
2018.774603,13.603
2018.777342,13.575
2018.780082,13.535
2018.782822,13.531
2018.785562,13.562
2018.788301,13.583
2018.791041,13.61
2018.793781,13.645
2018.796521,13.58
2018.79926,13.592
2018.802,13.515
2018.80474,13.482
2018.807479,13.481
2018.810219,13.486
2018.812959,13.441
2018.815699,13.41
2018.818438,13.289
2018.821178,13.232
2018.823918,13.198
2018.826658,13.134
2018.829397,13.101
2018.832137,13.022
2018.834877,12.924
2018.837616,12.909
2018.840356,12.935
2018.843096,12.943
2018.845836,12.932
2018.848575,12.867
2018.851315,12.75
2018.854055,12.799
2018.856795,12.779
2018.859534,12.709
2018.862274,12.744
2018.865014,12.698
2018.867753,12.627
2018.870493,12.587
2018.873233,12.587
2018.875973,12.589
2018.878712,12.572
2018.881452,12.437
2018.884192,12.346
2018.886932,12.18
2018.889671,12.23
2018.892411,12.307
2018.895151,12.217
2018.89789,12.175
2018.90063,12.145
2018.90337,12.096
2018.90611,12.062
2018.908849,11.85
2018.911589,11.754
2018.914329,11.876
2018.917068,11.43
2018.919808,11.414
2018.922548,11.428
2018.925288,11.433
2018.928027,11.493
2018.930767,11.44
2018.933507,11.426
2018.936247,11.413
2018.938986,11.276
2018.941726,11.118
2018.944466,11.17
2018.947205,11.377
2018.949945,11.427
2018.952685,11.616
2018.955425,11.57
2018.958164,11.604
2018.960904,11.428
2018.963644,11.514
2018.966384,11.385
2018.969123,11.244
2018.971863,11.192
2018.974603,11.187
2018.977342,11.152
2018.980082,11.165
2018.982822,11.324
2018.985562,11.243
2018.988301,11.172
2018.991041,11.166
2018.993781,11.135
2018.996521,11.159
2018.99926,11.171
2019.002,11.107
2019.00474,11.171
2019.007479,11.174
2019.010219,11.14
2019.012959,11.108
2019.015699,11.109
2019.018438,11.075
2019.021178,11.072
2019.023918,10.524
2019.026658,11.059
2019.029397,11.013
2019.032137,10.969
2019.034877,10.961
2019.037616,10.975
2019.040356,10.953
2019.043096,10.906
2019.045836,10.89
2019.048575,10.887
2019.051315,10.845
2019.054055,10.766
2019.056795,10.728
2019.059534,10.721
2019.062274,10.616
2019.065014,10.488
2019.067753,10.201
2019.070493,10.053
2019.073233,10.016
2019.075973,9.872
2019.078712,10.015
2019.081452,10.02
2019.084192,9.963
2019.086932,9.652
2019.089671,9.616
2019.092411,9.483
2019.095151,9.507
2019.09789,9.535
2019.10063,9.55
2019.10337,9.537
2019.10611,9.554
2019.108849,9.41
2019.111589,9.212
2019.114329,9.116
2019.117068,9.114
2019.119808,9.111
2019.122548,9.127
2019.125288,9.108
2019.128027,9.137
2019.130767,9.155
2019.133507,9.168
2019.136247,9.154
2019.138986,9.127
2019.141726,9.11
2019.144466,9.104
2019.147205,9.173
2019.149945,9.084
2019.152685,9.075
2019.155425,9.071
2019.158164,9.121
2019.160904,9.125
2019.163644,9.104
2019.166384,9.104
2019.169123,9.07
2019.171863,8.973
2019.174603,8.924
2019.177342,8.983
2019.180082,8.999
2019.182822,8.993
2019.185562,8.979
2019.188301,8.951
2019.191041,8.849
2019.193781,8.793
2019.196521,8.8
2019.19926,8.839
2019.202,8.713
2019.20474,8.716
2019.207479,8.586
2019.210219,8.559
2019.212959,8.554
2019.215699,8.527
2019.218438,8.522
2019.221178,8.523
2019.223918,8.706
2019.226658,8.846
2019.229397,8.782
2019.232137,8.741
2019.234877,8.647
2019.237616,8.584
2019.240356,8.698
2019.243096,8.791
2019.245836,8.73
2019.248575,8.698
2019.251315,8.605
2019.254055,8.501
2019.256795,8.452
2019.259534,8.661
2019.262274,8.726
2019.265014,8.859
2019.267753,8.642
2019.270493,8.688
2019.273233,8.732
2019.275973,8.829
2019.278712,8.801
2019.281452,8.698
2019.284192,8.673
2019.286932,8.816
2019.289671,8.791
2019.292411,8.8
2019.295151,8.793
2019.29789,8.787
2019.30063,8.767
2019.30337,8.768
2019.30611,8.774
2019.308849,8.772
2019.311589,8.757
2019.314329,8.756
2019.317068,8.75
2019.319808,8.783
2019.322548,8.799
2019.325288,8.768
2019.328027,8.788
2019.330767,8.795
2019.333507,8.762
2019.336247,8.747
2019.338986,8.769
2019.341726,8.792
2019.344466,8.807
2019.347205,8.857
2019.349945,8.928
2019.352685,9.002
2019.355425,9.82
2019.358164,9.16
2019.360904,9.16
2019.363644,9.132
2019.366384,9.244
2019.369123,9.326
2019.371863,9.382
2019.374603,9.307
2019.377342,9.281
2019.380082,9.287
2019.382822,9.295
2019.385562,9.276
2019.388301,9.277
2019.391041,9.288
2019.393781,9.285
2019.396521,9.297
2019.39926,9.318
2019.402,9.319
2019.40474,9.331
2019.407479,9.339
2019.410219,9.35
2019.412959,9.378
2019.415699,9.387
2019.418438,9.375
2019.421178,9.4
2019.423918,9.413
2019.426658,9.44
2019.429397,9.437
2019.432137,9.451
2019.434877,9.5
2019.437616,9.525
2019.440356,9.559
2019.443096,9.669
2019.445836,9.654
2019.448575,9.642
2019.451315,9.613
2019.454055,9.605
2019.456795,9.611
2019.459534,9.622
2019.462274,9.627
2019.465014,9.633
2019.467753,9.658
2019.470493,9.743
2019.473233,9.866
2019.475973,9.94
2019.478712,9.967
2019.481452,10.022
2019.484192,10.223
2019.486932,10.248
2019.489671,10.262
2019.492411,10.158
2019.495151,10.165
2019.49789,10.144
2019.50063,10.15
2019.50337,9.997
2019.50611,10.031
2019.508849,10.089
2019.511589,9.795
2019.514329,9.832
2019.517068,10.106
2019.519808,10.066
2019.522548,10.081
2019.525288,10.038
2019.528027,9.924
2019.530767,10.035
2019.533507,10.198
2019.536247,10.307
2019.538986,10.359
2019.541726,10.324
2019.544466,10.441
2019.547205,10.937
2019.549945,11.096
2019.552685,10.322
2019.555425,10.146
2019.558164,10.703
2019.560904,11.101
2019.563644,11.329
2019.566384,11.829
2019.569123,11.878
2019.571863,11.584
2019.574603,11.303
2019.577342,11.303
2019.580082,11.778
2019.582822,11.756
2019.585562,11.957
2019.588301,12.021
2019.591041,12.033
2019.593781,12.031
2019.596521,11.914
2019.59926,11.885
2019.602,11.867
2019.60474,11.973
2019.607479,11.998
2019.610219,11.991
2019.612959,12.014
2019.615699,12.033
2019.618438,12.048
2019.621178,12.181
2019.623918,11.804
2019.626658,12.02
2019.629397,11.975
2019.632137,12.032
2019.634877,12.133
2019.637616,12.302
2019.640356,12.742
2019.643096,13.127
2019.645836,13.144
2019.648575,13.143
2019.651315,13.154
2019.654055,13.197
2019.656795,13.221
2019.659534,13.277
2019.662274,13.364
2019.665014,13.459
2019.667753,13.443
2019.670493,13.445
2019.673233,13.469
2019.675973,13.517
2019.678712,13.571
2019.681452,13.591
2019.684192,13.619
2019.686932,13.622
2019.689671,13.652
2019.692411,13.687
2019.695151,13.768
2019.69789,13.838
2019.70063,13.97
2019.70337,13.941
2019.70611,13.903
2019.708849,14.098
2019.711589,14.036
2019.714329,13.989
2019.717068,13.735
2019.719808,13.679
2019.722548,13.778
2019.725288,13.792
2019.728027,13.788
2019.730767,13.799
2019.733507,13.72
2019.736247,13.657
2019.738986,13.683
2019.741726,13.777
2019.744466,13.915
2019.747205,14.024
2019.749945,14.067
2019.752685,14.052
2019.755425,14.217
2019.758164,14.265
2019.760904,14.236
2019.763644,14.255
2019.766384,14.2
2019.769123,14.033
2019.771863,13.917
2019.774603,13.978
2019.777342,14.212
2019.780082,14.226
2019.782822,14.136
2019.785562,14.097
2019.788301,14.056
2019.791041,14.031
2019.793781,14.025
2019.796521,13.999
2019.79926,13.976
2019.802,13.934
2019.80474,13.925
2019.807479,13.903
2019.810219,13.844
2019.812959,13.839
2019.815699,13.798
2019.818438,13.755
2019.821178,13.691
2019.823918,13.633
2019.826658,13.559
2019.829397,13.486
2019.832137,13.429
2019.834877,13.571
2019.837616,13.564
2019.840356,13.484
2019.843096,13.285
2019.845836,13.558
2019.848575,13.816
2019.851315,13.66
2019.854055,13.761
2019.856795,13.906
2019.859534,13.75
2019.862274,13.535
2019.865014,13.464
2019.867753,13.463
2019.870493,13.275
2019.873233,13.175
2019.875973,13.173
2019.878712,13.159
2019.881452,13.102
2019.884192,13.109
2019.886932,13.07
2019.889671,12.877
2019.892411,12.719
2019.895151,12.767
2019.89789,12.594
2019.90063,12.682
2019.90337,12.71
2019.90611,12.697
2019.908849,12.632
2019.911589,12.621
2019.914329,12.661
2019.917068,12.635
2019.919808,12.627
2019.922548,12.587
2019.925288,12.569
2019.928027,12.534
2019.930767,12.364
2019.933507,12.372
2019.936247,12.359
2019.938986,12.286
2019.941726,12.02
2019.944466,11.706
2019.947205,11.542
2019.949945,11.361
2019.952685,11.231
2019.955425,11.168
2019.958164,11.272
2019.960904,11.247
2019.963644,11.277
2019.966384,11.276
2019.969123,11.156
2019.971863,11.089
2019.974603,11.059
2019.977342,11.013
2019.980082,10.926
2019.982822,10.819
2019.985562,10.824
2019.988301,10.881
2019.991041,10.906
2019.993781,10.929
2019.996521,10.951
2019.99926,10.955
2020.002,10.942
2020.004732,10.908
2020.007464,10.84
2020.010197,10.746
2020.012929,10.746
2020.015661,10.845
2020.018393,10.83
2020.021126,10.785
2020.023858,10.677
2020.02659,10.392
2020.029322,10.411
2020.032055,10.512
2020.034787,10.393
2020.037519,10.163
2020.040251,10.278
2020.042984,10.33
2020.045716,9.968
2020.048448,9.716
2020.05118,9.791
2020.053913,9.785
2020.056645,9.685
2020.059377,9.676
2020.062109,9.606
2020.064842,9.681
2020.067574,9.798
2020.070306,9.766
2020.073038,9.69
2020.07577,9.542
2020.078503,9.494
2020.081235,9.381
2020.083967,9.417
2020.086699,9.46
2020.089432,9.331
2020.092164,9.367
2020.094896,9.116
2020.097628,9.097
2020.100361,9.089
2020.103093,9.019
2020.105825,8.815
2020.108557,8.792
2020.11129,8.738
2020.114022,8.743
2020.116754,8.636
2020.119486,8.62
2020.122219,8.615
2020.124951,8.633
2020.127683,8.619
2020.130415,8.537
2020.133148,8.441
2020.13588,8.478
2020.138612,8.49
2020.141344,8.454
2020.144077,8.435
2020.146809,8.415
2020.149541,8.418
2020.152273,8.338
2020.155005,8.191
2020.157738,8.143
2020.16047,8.143
2020.163202,8.229
2020.165934,8.056
2020.168667,8.099
2020.171399,7.991
2020.174131,7.967
2020.176863,7.964
2020.179596,7.972
2020.182328,8.011
2020.18506,8.005
2020.187792,8.012
2020.190525,7.986
2020.193257,7.889
2020.195989,7.909
2020.198721,7.842
2020.201454,7.778
2020.204186,7.803
2020.206918,7.77
2020.20965,7.781
2020.212383,7.858
2020.215115,7.868
2020.217847,7.85
2020.220579,7.816
2020.223311,7.862
2020.226044,7.979
2020.228776,8.057
2020.231508,8.018
2020.23424,8.017
2020.236973,7.957
2020.239705,7.977
2020.242437,7.874
2020.245169,7.852
2020.247902,7.9
2020.250634,8.145
2020.253366,8.141
2020.256098,8.099
2020.258831,8.16
2020.261563,8.188
2020.264295,8.163
2020.267027,8.163
2020.26976,8.158
2020.272492,8.118
2020.275224,8.108
2020.277956,8.13
2020.280689,8.121
2020.283421,8.1
2020.286153,8.094
2020.288885,8.094
2020.291617,8.118
2020.29435,8.075
2020.297082,8.068
2020.299814,8.094
2020.302546,8.076
2020.305279,8.132
2020.308011,8.156
2020.310743,8.133
2020.313475,8.151
2020.316208,8.295
2020.31894,8.412
2020.321672,8.45
2020.324404,8.448
2020.327137,8.503
2020.329869,8.532
2020.332601,8.586
2020.335333,8.636
2020.338066,8.675
2020.340798,8.662
2020.34353,8.607
2020.346262,8.641
2020.348995,8.692
2020.351727,8.765
2020.354459,8.818
2020.357191,8.854
2020.359923,8.938
2020.362656,8.973
2020.365388,8.931
2020.36812,9.008
2020.370852,9.099
2020.373585,8.908
2020.376317,8.67
2020.379049,8.704
2020.381781,8.951
2020.384514,9.135
2020.387246,9.148
2020.389978,9.192
2020.39271,9.287
2020.395443,9.238
2020.398175,9.136
2020.400907,9.164
2020.403639,9.156
2020.406372,9.154
2020.409104,9.157
2020.411836,9.144
2020.414568,9.14
2020.417301,9.144
2020.420033,9.15
2020.422765,9.143
2020.425497,9.145
2020.42823,9.149
2020.430962,9.153
2020.433694,9.161
2020.436426,9.21
2020.439158,9.274
2020.441891,9.342
2020.444623,9.362
2020.447355,9.37
2020.450087,9.325
2020.45282,9.268
2020.455552,9.287
2020.458284,9.329
2020.461016,9.397
2020.463749,9.785
2020.466481,10.396
2020.469213,10.598
2020.471945,10.213
2020.474678,9.7
2020.47741,9.581
2020.480142,9.612
2020.482874,9.651
2020.485607,9.625
2020.488339,9.751
2020.491071,9.937
2020.493803,9.837
2020.496536,9.921
2020.499268,10.073
2020.502,10.135
2020.504732,10.151
2020.507464,10.209
2020.510197,10.247
2020.512929,10.296
2020.515661,10.281
2020.518393,10.408
2020.521126,10.518
2020.523858,10.576
2020.52659,10.571
2020.529322,10.626
2020.532055,10.697
2020.534787,10.941
2020.537519,10.615
2020.540251,10.171
2020.542984,10.917
2020.545716,10.40135
2020.548448,10.6210875
2020.55118,10.618575
2020.553913,10.114
2020.556645,10.0950625
2020.559377,10.17455
2020.562109,10.2653625
2020.564842,10.3426
2020.567574,10.43565
2020.570306,10.432325
2020.573038,10.52575
2020.57577,10.847175
2020.578503,11.3385375
2020.581235,11.5345625
2020.583967,11.672425
2020.586699,11.8231125
2020.589432,11.8063
2020.592164,11.3314625
2020.594896,11.10335
2020.597628,11.3822125
2020.600361,11.626175
2020.603093,11.645525
2020.605825,11.9568125
2020.608557,12.0727625
2020.61129,12.2917875
2020.614022,11.86085
2020.616754,11.680225
2020.619486,10.8853375
2020.622219,10.9346875
2020.624951,11.343775
2020.627683,11.881075
2020.630415,12.0423875
2020.633148,12.12313333
2020.63588,12.224
2020.638612,12.271
2020.641344,12.271
2020.644077,12.208
2020.646809,12.266
2020.649541,12.366
2020.652273,12.637
2020.655005,12.652
2020.657738,12.541
2020.66047,12.559
2020.663202,12.462
2020.665934,12.777
2020.668667,12.469
2020.671399,12.265
2020.674131,12.413
2020.676863,12.687
2020.679596,12.849
2020.682328,12.899
2020.68506,12.996
2020.687792,13.13
2020.690525,13.317
2020.693257,13.664
2020.695989,13.65
2020.698721,13.421
2020.701454,13.721
2020.704186,13.868
2020.706918,13.848
2020.70965,13.867
2020.712383,13.872
2020.715115,13.88
2020.717847,13.888
2020.720579,13.903
2020.723311,13.914
2020.726044,13.897
2020.728776,13.838
2020.731508,13.753
2020.73424,13.767
2020.736973,13.639
2020.739705,13.544
2020.742437,13.54
2020.745169,13.646
2020.747902,13.686
2020.750634,13.716
2020.753366,13.731
2020.756098,13.836
2020.758831,13.853
2020.761563,13.816
2020.764295,13.876
2020.767027,13.885
2020.76976,13.909
2020.772492,13.874
2020.775224,13.819
2020.777956,13.818
2020.780689,13.791
2020.783421,13.771
2020.786153,13.705
2020.788885,13.699
2020.791617,13.666
2020.79435,13.615
2020.797082,13.621
2020.799814,13.73
2020.802546,13.717
2020.805279,13.514
2020.808011,13.455
2020.810743,13.412
2020.813475,13.377
2020.816208,13.379
2020.81894,13.392
2020.821672,13.267
2020.824404,13.128
2020.827137,13.074
2020.829869,13.082
2020.832601,13.11
2020.835333,13.143
2020.838066,13.291
2020.840798,13.279
2020.84353,13.187
2020.846262,13.108
2020.848995,13.126
2020.851727,13.122
2020.854459,13.185
2020.857191,13.127
2020.859923,13.107
2020.862656,13.119
2020.865388,13.033
2020.86812,12.992
2020.870852,12.944
2020.873585,13.006
2020.876317,12.939
2020.879049,12.979
2020.881781,12.99
2020.884514,12.886
2020.887246,12.844
2020.889978,12.777
2020.89271,12.791
2020.895443,12.747
2020.898175,12.68
2020.900907,12.671
2020.903639,12.592
2020.906372,12.529
2020.909104,12.435
2020.911836,12.32
2020.914568,12.22
2020.917301,12.222
2020.920033,12.24
2020.922765,12.172
2020.925497,12.019
2020.92823,11.986
2020.930962,11.991
2020.933694,12.011
2020.936426,11.989
2020.939158,11.775
2020.941891,11.787
2020.944623,11.779
2020.947355,11.777
2020.950087,11.717
2020.95282,11.672
2020.955552,11.627
2020.958284,11.612
2020.961016,11.581
2020.963749,11.501
2020.966481,11.038
2020.969213,11.032
2020.971945,11.082
2020.974678,11.076
2020.97741,10.972
2020.980142,10.82
2020.982874,10.952
2020.985607,10.742
2020.988339,10.671
2020.991071,10.557
2020.993803,10.608
2020.996536,10.594
2020.999268,10.543
2021.002,10.49
2021.00474,10.41
2021.007479,10.27
2021.010219,10.09
2021.012959,10.01
2021.015699,10.02
2021.018438,10.17
2021.021178,10.12
2021.023918,10.12
2021.026658,10.14
2021.029397,10.12336591
2021.032137,10.10734091
2021.034877,10.06412159
2021.037616,10.00296818
2021.040356,10.03
2021.043096,9.94
2021.045836,9.91
2021.048575,9.76
2021.051315,9.64
2021.054055,9.67
2021.056795,9.67
2021.059534,9.69
2021.062274,9.62
2021.065014,9.57
2021.067753,9.58
2021.070493,9.25
2021.073233,9.24
2021.075973,9.17
2021.078712,9.1
2021.081452,9
2021.084192,9
2021.086932,9
2021.089671,9
2021.092411,9.01
2021.095151,9.01
2021.09789,9.01
2021.10063,8.96
2021.10337,8.71
2021.10611,8.74
2021.108849,8.59
2021.111589,8.47
2021.114329,8.46
2021.117068,8.46
2021.119808,8.41
2021.122548,8.3
2021.125288,8.31
2021.128027,8.3
2021.130767,8.25
2021.133507,8.23
2021.136247,8.16
2021.138986,8.26
2021.141726,8.33
2021.144466,8.32
2021.147205,8.29
2021.149945,8.28
2021.152685,8.27
2021.155425,8.25
2021.158164,8.28
2021.160904,8.37
2021.163644,8.41
2021.166384,8.37
2021.169123,8.57
2021.171863,8.64
2021.174603,8.59
2021.177342,8.55
2021.180082,8.52
2021.182822,8.5
2021.185562,8.5
2021.188301,8.49
2021.191041,8.45
2021.193781,8.41
2021.196521,8.4
2021.19926,8.4
2021.202,8.36
2021.20474,8.29
2021.207479,8.27
2021.210219,8.35
2021.212959,8.44
2021.215699,8.44
2021.218438,8.46
2021.221178,8.46
2021.223918,8.45
2021.226658,8.38
2021.229397,8.29
2021.232137,8.31
2021.234877,8.33
2021.237616,8.31
2021.240356,8.26
2021.243096,8.2
2021.245836,8.16
2021.248575,8.1
2021.251315,8.08
2021.254055,8.25
2021.256795,8.41
2021.259534,8.32
2021.262274,8.32
2021.265014,8.26
2021.267753,8.27
2021.270493,8.28
2021.273233,8.072127273
2021.275973,8.089509091
2021.278712,8.091581818
2021.281452,8.087145455
2021.284192,8.22
2021.286932,8.29
2021.289671,8.33
2021.292411,8.25
2021.295151,8.3
2021.29789,8.4
2021.30063,8.42
2021.30337,8.39
2021.30611,8.36
2021.308849,8.34
2021.311589,8.36
2021.314329,8.37
2021.317068,8.38
2021.319808,8.38
2021.322548,8.37
2021.325288,8.48
2021.328027,8.52
2021.330767,8.46
2021.333507,8.42
2021.336247,8.54
2021.338986,8.69
2021.341726,8.8
2021.344466,8.8
2021.347205,8.63
2021.349945,8.51
2021.352685,8.47
2021.355425,8.6
2021.358164,8.74
2021.360904,8.72
2021.363644,8.85
2021.366384,8.84
2021.369123,8.88
2021.371863,8.97
2021.374603,8.98
2021.377342,8.96
2021.380082,8.96
2021.382822,8.91
2021.385562,9.11
2021.388301,9.33
2021.391041,9.5
2021.393781,9.48
2021.396521,9.44
2021.39926,9.51
2021.402,9.66
2021.40474,9.67
2021.407479,9.67
2021.410219,9.68
2021.412959,9.69
2021.415699,9.67
2021.418438,9.64
2021.421178,9.67
2021.423918,9.69
2021.426658,9.59
2021.429397,9.57
2021.432137,9.58
2021.434877,9.57
2021.437616,9.55
2021.440356,9.53
2021.443096,9.58
2021.445836,9.45
2021.448575,9.51
2021.451315,9.42
2021.454055,9.39
2021.456795,9.36
2021.459534,9.4
2021.462274,9.44
2021.465014,9.55
2021.467753,9.68
2021.470493,9.67
2021.473233,9.61
2021.475973,9.64
2021.478712,9.68
2021.481452,9.72
2021.484192,9.78
2021.486932,9.84
2021.489671,9.93
2021.492411,9.99
2021.495151,10.14
2021.49789,10.07
2021.50063,10.26
2021.50337,10.49
2021.50611,10.6
2021.508849,10.72
2021.511589,10.53
2021.514329,10.7
2021.517068,10.76
2021.519808,10.84
2021.522548,10.77
2021.525288,10.64
2021.528027,10.6
2021.530767,10.62
2021.533507,10.59
2021.536247,10.58
2021.538986,10.62
2021.541726,10.72
2021.544466,10.78
2021.547205,11.27
2021.549945,10.3
2021.552685,10.33
2021.555425,10.8
2021.558164,10.89
2021.560904,10.61
2021.563644,10.41
2021.566384,10.43
2021.569123,10.49
2021.571863,10.6
2021.574603,10.92
2021.577342,10.9
2021.580082,10.73
2021.582822,11.32
2021.585562,11.95
2021.588301,10.64
2021.591041,10.86
2021.593781,10.62
2021.596521,10.74
2021.59926,10.84
2021.602,11.07
2021.60474,11.42
2021.607479,11.82
2021.610219,12.04
2021.612959,12.12
2021.615699,12.16
2021.618438,12.08
2021.621178,12.53
2021.623918,12.5
2021.626658,12.39
2021.629397,12.58
2021.632137,12.69
2021.634877,12.76
2021.637616,11.98363864
		 
2021.640356,12.00935909
		 
2021.643096,12.18413977
		 
2021.645836,12.16970568
		 
2021.648575,12.13943409
		 
2021.651315,12.16436477
		 
2021.654055,12.18698295
		 
2021.656795,12.22340795
		 
2021.659534,12.22579091
		 
2021.662274,12.24464773
		 
2021.665014,12.30347727
		 
2021.667753,12.3832125
		 
2021.670493,12.24466705
		 
2021.673233,12.35687159
		 
2021.675973,12.34616932
2021.678712,12.40406023
2021.681452,12.54584659
2021.684192,12.47387955
2021.686932,12.48564318
2021.689671,12.57634205
2021.692411,12.65120909
2021.695151,12.71997614
2021.69789,12.70061023
2021.70063,12.7382375
2021.70337,12.91202955
2021.70611,13.04668636
2021.708849,13.12503523
2021.711589,13.15395568
2021.714329,13.24708977
2021.717068,13.17785114
2021.719808,13.25939205
2021.722548,13.29379659
2021.725288,13.27947727
2021.728027,13.32702273
2021.730767,13.39865909
2021.733507,13.37886364
2021.736247,13.35802273
2021.738986,13.40636364
2021.741726,13.44134091
2021.744466,13.41
2021.747205,13.43
2021.749945,12.6
2021.752685,13.03
2021.755425,13.44
2021.758164,13.62
2021.760904,13.77
2021.763644,13.88
2021.766384,13.95
2021.769123,14.06
2021.771863,14.11
2021.774603,14.14
2021.777342,14.13
2021.780082,14.11
2021.782822,14.22
2021.785562,14.23
2021.788301,14.02
2021.791041,14.18
2021.793781,14.22
2021.796521,14.28
2021.79926,14.29
2021.802,14.23
2021.80474,14.21
2021.807479,14.16
2021.810219,14.11
2021.812959,14.1
2021.815699,14.07
2021.818438,14.02
2021.821178,14
2021.823918,14.03
2021.826658,14.01
2021.829397,13.85
2021.832137,13.86
2021.834877,13.83
2021.837616,13.77
2021.840356,13.75
2021.843096,13.68
2021.845836,13.62
2021.848575,13.59
2021.851315,13.53
2021.854055,13.48
2021.856795,13.45
2021.859534,13.22
2021.862274,13.22
2021.865014,13.24
2021.867753,13.17
2021.870493,13.18
2021.873233,13.16
2021.875973,13.17
2021.878712,13.2
2021.881452,13.01
2021.884192,12.9
2021.886932,12.92
2021.889671,12.85
2021.892411,12.81
2021.895151,12.82
2021.89789,12.8
2021.90063,12.628
2021.90337,12.583
2021.90611,12.591
2021.908849,12.532
2021.911589,12.454
2021.914329,12.325
2021.917068,12.287
2021.919808,12.325
2021.922548,12.236
2021.925288,12.187
2021.928027,12.168
2021.930767,12.112
2021.933507,11.973
2021.936247,11.743
2021.938986,11.588
2021.941726,11.519
2021.944466,11.466
2021.947205,11.505
2021.949945,11.562
2021.952685,11.486
2021.955425,11.407
2021.958164,11.05
2021.960904,10.886
2021.963644,10.855
2021.966384,11.028
2021.969123,11.222
2021.971863,11.177
2021.974603,11.251
2021.977342,11.02
2021.980082,11.006
2021.982822,11.134
2021.985562,11.057
2021.988301,11.059
2021.991041,10.944
2021.993781,11.307
2021.996521,11.182
2021.99926,11.074
2022.002,11.411
2022.00474,11.213
2022.007479,10.866
2022.010219,10.633
2022.012959,10.619
2022.015699,10.755
2022.018438,10.586
2022.021178,10.477
2022.023918,10.343
2022.026658,10.352
2022.029397,10.358
2022.032137,10.441
2022.034877,10.449
2022.037616,10.352
2022.040356,10.396
2022.043096,10.424
2022.045836,10.429
2022.048575,10.474
2022.051315,10.48
2022.054055,10.424
2022.056795,10.392
2022.059534,10.275
2022.062274,10.242
2022.065014,10.121
2022.067753,9.939
2022.070493,10.052
2022.073233,9.906
2022.075973,9.88
2022.078712,9.906
2022.081452,9.938
2022.084192,9.799
2022.086932,9.596
2022.089671,9.411
2022.092411,9.442
2022.095151,9.43
2022.09789,9.341
2022.10063,9.246
2022.10337,9.181
2022.10611,9.206
2022.108849,9.137
2022.111589,9.09
2022.114329,9.195
2022.117068,9.166
2022.119808,9.11
2022.122548,9.065
2022.125288,9.044
2022.128027,9.022
2022.130767,9.01
2022.133507,8.994
2022.136247,8.942
2022.138986,8.916
2022.141726,8.916
2022.144466,8.922
2022.147205,8.809
2022.149945,8.562
2022.152685,8.505
2022.155425,8.498
2022.158164,8.521
2022.160904,8.53
2022.163644,8.578
2022.166384,8.606
2022.169123,8.599
2022.171863,8.596
2022.174603,8.547
2022.177342,8.514
2022.180082,8.491
2022.182822,8.46
2022.185562,8.494
2022.188301,8.5
2022.191041,8.5
2022.193781,8.506
2022.196521,8.411
2022.19926,8.434
2022.202,8.649
2022.20474,8.634
2022.207479,8.488
2022.210219,8.461
2022.212959,8.444
2022.215699,8.466
2022.218438,8.516
2022.221178,8.566
2022.223918,8.639
2022.226658,8.674
2022.229397,8.703
2022.232137,8.731
2022.234877,8.749
2022.237616,8.766
2022.240356,8.771
2022.243096,8.826
2022.245836,8.86
2022.248575,8.87
2022.251315,8.878
2022.254055,8.881
2022.256795,8.88
2022.259534,8.889
2022.262274,8.892
2022.265014,8.879
2022.267753,8.841
2022.270493,8.864
2022.273233,8.915
2022.275973,8.991
2022.278712,8.982
2022.281452,8.979
2022.284192,8.97
2022.286932,8.97
2022.289671,9.004
2022.292411,9.02
2022.295151,9.056
2022.29789,9.051
2022.30063,9.052
2022.30337,9.044
2022.30611,9.035
2022.308849,9.019
2022.311589,9.03
2022.314329,9.005
2022.317068,8.98
2022.319808,8.956
2022.322548,8.951
2022.325288,8.941
2022.328027,8.94
2022.330767,8.939
2022.333507,8.915
2022.336247,9.162
2022.338986,8.905
2022.341726,8.885
2022.344466,8.88
2022.347205,8.965
2022.349945,8.9
2022.352685,8.87
2022.355425,9.072
2022.358164,8.972
2022.360904,8.93
2022.363644,9.051
2022.366384,9.111
2022.369123,9.135
2022.371863,9.18
2022.374603,9.19
2022.377342,9.159
2022.380082,9.195
2022.382822,9.155
2022.385562,9.072
2022.388301,9.124
2022.391041,8.985
2022.393781,9.044
2022.396521,9.211
2022.39926,9.351
2022.402,9.428
2022.40474,9.505
2022.407479,9.714
2022.410219,9.595
2022.412959,9.545
2022.415699,9.515
2022.418438,9.532
2022.421178,9.571
2022.423918,9.5
2022.426658,9.486
2022.429397,9.535
2022.432137,9.559
2022.434877,9.558
2022.437616,9.561
2022.440356,9.51
2022.443096,9.431
2022.445836,9.491
2022.448575,9.794
2022.451315,10.14
2022.454055,10.194
2022.456795,10.12
2022.459534,10.109
2022.462274,10.224
2022.465014,10.166
2022.467753,10.16
2022.470493,10.24
2022.473233,10.281
2022.475973,10.165
2022.478712,10.115
2022.481452,10.04
2022.484192,10.076
2022.486932,10.117
2022.489671,10.148
2022.492411,10.16
2022.495151,10.213
2022.49789,10.242
2022.50063,10.269
2022.50337,10.241
2022.50611,10.182
2022.508849,10.329
2022.511589,10.38
2022.514329,10.306
2022.517068,10.18
2022.519808,10.211
2022.522548,10.127
2022.525288,10.164
2022.528027,10.225
			   
2022.530767,10.3715
2022.533507,10.471
2022.536247,10.543
2022.538986,10.621
2022.541726,10.588
2022.544466,10.56
2022.547205,10.773
2022.549945,11.011
2022.552685,11.082
2022.555425,11.104
2022.558164,11.127
2022.560904,11.092
2022.563644,11.204
2022.566384,11.293
2022.569123,11.472
2022.571863,11.17
2022.574603,11.184
2022.577342,11.203
2022.580082,11.401
2022.582822,11.579
2022.585562,11.321
2022.588301,11.485
2022.591041,12.508
2022.593781,12.36
2022.596521,11.976
2022.59926,11.236
2022.602,11.222
2022.60474,11.518
2022.607479,11.898
2022.610219,11.429
2022.612959,11.799
2022.615699,12.334
2022.618438,11.9515
			   
2022.621178,11.744
2022.623918,12.206
2022.626658,12.744
2022.629397,12.044
2022.632137,11.769
2022.634877,12.406
2022.637616,12.133
2022.640356,12.567
2022.643096,12.673
2022.645836,12.484
2022.648575,12.525
2022.651315,11.867
2022.654055,11.995
2022.656795,11.956
2022.659534,11.841
2022.662274,11.946
2022.665014,12.454
2022.667753,12.968
2022.670493,13.082
2022.673233,13.076
2022.675973,13.155
2022.678712,13.007
2022.681452,12.962
2022.684192,13.145
2022.686932,13.14
2022.689671,13.064
2022.692411,12.817
2022.695151,12.892
2022.69789,13.073
2022.70063,13.346
2022.70337,13.517
2022.70611,13.626
2022.708849,13.744
2022.711589,13.798
2022.714329,13.796
2022.717068,13.459
2022.719808,13.685
2022.722548,13.102
2022.725288,12.786
2022.728027,13.192
2022.730767,13.95
2022.733507,14.294
2022.736247,14.173
2022.738986,13.678
2022.741726,13.577
2022.744466,13.541
2022.747205,13.378
2022.749945,13.401
2022.752685,13.472
2022.755425,13.55
2022.758164,13.768
2022.760904,14.305
2022.763644,14.16
2022.766384,14.424
2022.769123,14.456
2022.771863,14.436
2022.774603,14.405
2022.777342,14.379
2022.780082,14.355
2022.782822,14.344
2022.785562,14.331
2022.788301,14.298
2022.791041,14.218
2022.793781,14.141
2022.796521,14.042
2022.79926,13.95
2022.802,14.085
2022.80474,14.088
2022.807479,14.084
2022.810219,14.038
2022.812959,14.066
2022.815699,14.048
2022.818438,14.05
2022.821178,14.018
2022.823918,14.018
2022.826658,14.003
2022.829397,14.021
2022.832137,13.991
2022.834877,13.945
2022.837616,13.909
2022.840356,13.886
2022.843096,13.921
2022.845836,13.845
2022.848575,13.93
2022.851315,14.021
2022.854055,14.245
2022.856795,14.157
2022.859534,14.154
			   
			   
2022.862274,14.048
2022.865014,14.063
2022.867753,14.16
			  
			   
2022.870493,14.174
			   
2022.873233,14.224
			   
2022.875973,14.204
			   
2022.878712,14.163
			   
2022.881452,14.154
			   
2022.884192,14.146
			   
2022.886932,13.921
			   
2022.889671,13.836
			   
2022.892411,13.5225
2022.895151,13.685
2022.89789,13.642
2022.90063,13.507
2022.90337,13.405
2022.90611,13.555
2022.908849,13.365
2022.911589,13.348
2022.914329,13.411
2022.917068,13.281
2022.919808,13.127
2022.922548,13.262
2022.925288,13.16
2022.928027,13.034
2022.930767,13.05
2022.933507,13.128
2022.936247,13.029
2022.938986,12.866
2022.941726,12.803
2022.944466,12.704
2022.947205,12.634
2022.949945,12.577
2022.952685,12.475
2022.955425,12.388
2022.958164,12.361
2022.960904,12.288
2022.963644,12.225
2022.966384,12.234
2022.969123,12.231
2022.971863,12.214
2022.974603,12.211
2022.977342,12.235
2022.980082,12.167
2022.982822,12
2022.985562,11.874
2022.988301,11.791
2022.991041,11.753
2022.993781,11.635
2022.996521,11.503
2022.99926,11.623
2023.002,11.574
2023.00474,11.459
2023.007479,11.455
2023.010219,11.369
2023.012959,11.363
2023.015699,11.367
2023.018438,11.347
2023.021178,11.331
2023.023918,11.331
2023.026658,11.304
2023.029397,11.248
2023.032137,11.203
2023.034877,11.199
2023.037616,11.154
2023.040356,10.653
2023.043096,10.464
2023.045836,10.278
2023.048575,10.305
2023.051315,10.557
2023.054055,10.085
2023.056795,9.992
2023.059534,9.987
2023.062274,10.04
2023.065014,9.967
2023.067753,9.929
2023.070493,9.913
2023.073233,9.95
2023.075973,9.871
2023.078712,9.839
2023.081452,9.816
2023.084192,9.837
2023.086932,10.086
2023.089671,9.988
2023.092411,9.967
2023.095151,9.959
2023.09789,9.939
2023.10063,9.927
2023.10337,9.901
2023.10611,9.878
2023.108849,9.825
2023.111589,9.802
2023.114329,9.751
2023.117068,9.576
2023.119808,9.453
2023.122548,9.532
2023.125288,9.529
2023.128027,9.472
2023.130767,9.668
2023.133507,9.623
2023.136247,9.549
2023.138986,9.887
2023.141726,9.41242
2023.144466,9.3241125
2023.147205,9.1139625
2023.149945,9.0559625
2023.152685,9.0625875
2023.155425,9.260975
2023.158164,9.4136375
2023.160904,8.958725
2023.163644,8.9582125
2023.166384,9.7601375
2023.169123,9.7551625
2023.171863,9.67875
2023.174603,9.4846125
2023.177342,9.1179
2023.180082,9.0379125
2023.182822,9.279775
2023.185562,9.4478
2023.188301,8.833625
2023.191041,8.84215
2023.193781,8.8755875
2023.196521,8.83345
2023.19926,8.8568375
2023.202,8.8497375
2023.20474,8.8438125
			   
2023.207479,8.8627375
2023.210219,8.8715625
2023.212959,8.8731
2023.215699,8.8752375
2023.218438,8.867675
2023.221178,8.8664125
2023.223918,8.847075
2023.226658,8.8389375
2023.229397,8.8375625
2023.232137,8.851325
2023.234877,8.8608625
2023.237616,8.8471
2023.240356,8.8375625
2023.243096,8.8430125
2023.245836,8.8634125
2023.248575,8.859255556
2023.251315,8.85595
2023.254055,8.85115
2023.256795,8.8392625
2023.259534,8.8423625
2023.262274,8.8436125
2023.265014,8.8351625
2023.267753,8.8218875
2023.270493,8.81135
2023.273233,8.8169
2023.275973,8.8263375
2023.278712,8.83795
2023.281452,8.8271
2023.284192,8.8398625
2023.286932,8.84345
2023.289671,8.841225
2023.292411,8.838425
2023.295151,8.837075
2023.29789,8.8428375
2023.30063,8.8522125
2023.30337,8.8444125
2023.30611,8.878975
2023.308849,8.952575
2023.311589,9.0967875
2023.314329,9.1488375
2023.317068,9.0142125
2023.319808,9.1192375
2023.322548,9.1577125
2023.325288,9.1341625
2023.328027,9.1644375
2023.330767,9.1656125
2023.333507,9.0629
2023.336247,9.1174375
2023.338986,9.2185625
2023.341726,9.276775
2023.344466,9.20105
2023.347205,9.1416
2023.349945,9.1464
2023.352685,9.1171375
2023.355425,9.16275
2023.358164,9.2459375
2023.360904,9.2337
2023.363644,9.237525
2023.366384,9.2699125
2023.369123,9.2729625
2023.371863,9.2800125
2023.374603,9.3074
2023.377342,9.3157125
2023.380082,9.3222625
2023.382822,9.340825
2023.385562,9.34005
2023.388301,9.325275
2023.391041,9.354375
2023.393781,9.3922125
2023.396521,9.3433375
2023.39926,9.3669875
2023.402,9.4159
2023.40474,9.412375
2023.407479,9.427825
2023.410219,9.4502875
2023.412959,9.4739375
2023.415699,9.439575
2023.418438,9.4701375
2023.421178,9.5790125
2023.423918,9.72685
2023.426658,9.848525
2023.429397,9.868525
2023.432137,9.939125
2023.434877,10.017075
2023.437616,9.94405
2023.440356,9.9059375
2023.443096,9.5761375
2023.445836,9.5377375
2023.448575,9.562675
2023.451315,9.5991625
2023.454055,9.6578375
2023.456795,9.67915
2023.459534,9.7907875
2023.462274,10.02585
2023.465014,10.119825
2023.467753,10.06205
2023.470493,9.9567625
2023.473233,10.0101
2023.475973,9.984725
2023.478712,9.967075
2023.481452,10.089275
2023.484192,10.21375
2023.486932,10.403375
2023.489671,10.802825
2023.492411,10.693025
2023.495151,10.9374625
2023.49789,10.9865
2023.50063,10.9983875
2023.50337,11.033975
2023.50611,11.1497875
2023.508849,11.2219625
2023.511589,11.2688375
2023.514329,11.2591375
2023.517068,11.2997
2023.519808,11.2882125
2023.522548,11.279625
2023.525288,11.294525
2023.528027,11.3428625
2023.530767,11.3676625
2023.533507,11.4775375
2023.536247,11.4173
2023.538986,11.34645
2023.541726,11.405325
2023.544466,11.4989625
2023.547205,11.57095
2023.549945,11.8327
2023.552685,11.6743125
2023.555425,11.462075
2023.558164,11.58255
2023.560904,11.693725
2023.563644,11.5628
2023.566384,11.6494375
2023.569123,11.6950875
2023.571863,11.7864375
2023.574603,12.0652125
2023.577342,11.8675125
2023.580082,11.509375
2023.582822,11.7765625
2023.585562,11.924025
2023.588301,11.9174375
2023.591041,11.7886375
2023.593781,12.1018625
2023.596521,12.0005375
2023.59926,12.369275
2023.602,12.0481875
2023.60474,11.855125
2023.607479,11.951925
2023.610219,11.6557625
2023.612959,12.0214125
2023.615699,11.7439625
2023.618438,11.651175
2023.621178,12.555325
2023.623918,13.04575
2023.626658,13.08015
2023.629397,12.7688625
2023.632137,12.611675
2023.634877,12.2430125
2023.637616,12.2685125
2023.640356,12.6193875
2023.643096,12.6317125
2023.645836,13.346575
2023.648575,13.0369625
2023.651315,12.5876125
2023.654055,12.2678125
2023.656795,12.14265
2023.659534,12.24115
2023.662274,12.276875
2023.665014,12.2289375
2023.667753,12.3117
2023.670493,12.5161
2023.673233,12.5275
2023.675973,12.5800875
2023.678712,12.7556625
2023.681452,13.072425
2023.684192,12.875725
2023.686932,13.143275
2023.689671,12.8814375
2023.692411,12.5994
2023.695151,12.65695
2023.69789,13.4103125
2023.70063,12.837775
2023.70337,12.854375
2023.70611,13.19045
2023.708849,13.1476875
2023.711589,12.94145
2023.714329,12.9157875
2023.717068,12.90215
2023.719808,12.8866125
2023.722548,13.024775
2023.725288,13.070175
2023.728027,12.9729625
2023.730767,13.0465625
2023.733507,12.9757375
2023.736247,13.210725
2023.738986,13.9084
2023.741726,14.06175
2023.744466,14.4648125
2023.747205,14.59295
2023.749945,14.680525
2023.752685,13.45602083
2023.755425,13.53697917
2023.758164,13.638375
2023.760904,13.714
2023.763644,13.71541667
2023.766384,13.78754167
2023.769123,13.803125
2023.771863,13.79322917
2023.774603,13.779375
2023.777342,13.785
2023.780082,13.80960417
2023.782822,13.7771875
2023.785562,13.7733125
2023.788301,13.7231875
2023.791041,13.70227083
2023.793781,13.70860417
2023.796521,13.68741667
2023.79926,13.6560625
2023.802,13.66095833
2023.80474,13.64464583
2023.807479,13.58708333
2023.810219,13.59420833
2023.812959,13.58577083
2023.815699,13.5865
2023.818438,13.576875
2023.821178,13.53364583
2023.823918,13.482375
2023.826658,13.47195833
2023.829397,13.42594896
2023.832137,13.39909688
2023.834877,13.37510104
2023.837616,13.37717614
2023.840356,13.31208542
2023.843096,13.26165208
2023.845836,13.26340313
2023.848575,13.24470521
2023.851315,13.21259688
2023.854055,13.23163636
2023.856795,13.19056771
2023.859534,13.13362083
2023.862274,13.09380833
2023.865014,13.07121354
2023.867753,13.01477083
2023.870493,12.93804792
2023.873233,12.92967708
2023.875973,12.91273229
2023.878712,12.88546875
2023.881452,12.86696875
2023.884192,12.81410417
2023.886932,12.68980417
2023.889671,12.58929792
2023.892411,12.54243542
2023.895151,12.56244271
2023.89789,12.54297292
2023.90063,12.45032396
2023.90337,12.38125938
2023.90611,12.3419125
2023.908849,12.29624271
2023.911589,12.2586125
2023.914329,12.19784375
2023.917068,12.10960833
2023.919808,12.08083409
2023.922548,12.02025208
2023.925288,11.964875
2023.928027,11.90279167
2023.930767,11.84263438
2023.933507,11.76865729
2023.936247,11.66673333
2023.938986,11.58849688
2023.941726,11.48963021
2023.944466,11.44167708
2023.947205,11.42181563
2023.949945,11.39776667
2023.952685,11.32589479
2023.955425,11.28006667
2023.958164,11.24502604
2023.960904,11.20378542
2023.963644,11.17861458
2023.966384,11.1561
2023.969123,11.06074479
2023.971863,10.97622604
2023.974603,10.98620729
2023.977342,10.91287292
2023.980082,10.87901771
2023.982822,10.83910833
2023.985562,10.8212125
2023.988301,10.71607083
2023.991041,10.68104063
2023.993781,10.67181979
2023.996521,10.63746563
2023.99926,10.64514688
2024.002,10.45978438
2024.004732,10.44940729
2024.007464,10.39987917
2024.010197,10.32824271
2024.012929,10.27911042
2024.015661,10.24934135
2024.018393,10.31361979
2024.021126,10.28248229
2024.023858,10.18725208
2024.02659,10.17931146
2024.029322,10.12336591
2024.032055,10.10734091
2024.034787,10.06412159
2024.037519,10.00296818
2024.040251,9.974207292
2024.042984,9.940730208
2024.045716,9.8639875
2024.048448,9.770510417
2024.05118,9.755215625
2024.053913,9.736907292
2024.056645,9.713672917
2024.059377,9.68508125
2024.062109,9.627567708
2024.064842,9.572097917
2024.067574,9.530491667
2024.070306,9.434667708
2024.073038,9.367846875
2024.07577,9.2973375
2024.078503,9.247060417
2024.081235,9.231323958
2024.083967,9.160646667
2024.086699,9.1410625
2024.089432,9.117854167
2024.092164,9.078041667
2024.094896,9.029083333
2024.097628,9.015645833
2024.100361,9.007333333
2024.103093,8.951166667
2024.105825,8.9065625
2024.108557,8.827020833
2024.11129,8.743708333
2024.114022,8.719791667
2024.116754,8.674520833
2024.119486,8.631958333
2024.122219,8.5841875
2024.124951,8.575041667
2024.127683,8.55825
2024.130415,8.555041667
2024.133148,8.534145833
2024.13588,8.543333333
2024.138612,8.528625
2024.141344,8.502520833
2024.144077,8.5203125
2024.146809,8.511854167
2024.149541,8.454645833
2024.152273,8.406041667
2024.155005,8.331045455
2024.157738,8.307409091
2024.16047,8.310690909
2024.163202,8.314777273
2024.165934,8.24965
2024.168667,8.258309091
2024.171399,8.249195455
2024.174131,8.230468182
2024.176863,8.223536364
2024.179596,8.2109
2024.182328,8.215741667
2024.18506,8.206825
2024.187792,8.222041667
2024.190525,8.2192375
2024.193257,8.205108333
2024.195989,8.1982
2024.198721,8.18495
2024.201454,8.200354167
2024.204186,8.193804167
2024.206918,8.1493
2024.20965,8.121279167
2024.212383,8.112554167
2024.215115,8.1069625
2024.217847,8.1161875
2024.220579,8.117733333
2024.223311,8.135295833
2024.226044,8.155291667
2024.228776,8.153691667
2024.231508,8.149958333
2024.23424,8.143041667
2024.236973,8.126154167
2024.239705,8.121258333
2024.242437,8.11665
2024.245169,8.107570833
2024.247902,8.1033625
2024.250634,8.104904167
2024.253366,8.105270833
2024.256098,8.101275
2024.258831,8.096633333
2024.261563,8.090545833
2024.264295,8.093816667
2024.267027,8.077783333
2024.26976,8.081020833
2024.272492,8.072127273
2024.275224,8.089509091
2024.277956,8.091581818
2024.280689,8.087145455
2024.283421,8.084091667
2024.286153,8.103279167
2024.288885,8.1293125
2024.291617,8.1300625
2024.29435,8.1336375
2024.297082,8.133008333
2024.299814,8.134083333
2024.302546,8.128320833
2024.305279,8.1293375
2024.308011,8.126879167
2024.310743,8.12545
2024.313475,8.121416667
2024.316208,8.13245
2024.31894,8.156233333
2024.321672,8.177779167
2024.324404,8.1985625
2024.327137,8.253783333
2024.329869,8.2875875
2024.332601,8.267666667
2024.335333,8.295379167
2024.338066,8.289491667
2024.340798,8.30365
2024.34353,8.312991667
2024.346262,8.320283333
2024.348995,8.320858333
2024.351727,8.342566667
2024.354459,8.447795833
2024.357191,8.419833333
2024.359923,8.485354545
2024.362656,8.458966667
2024.365388,8.5231375
2024.36812,8.593520833
2024.370852,8.637466667
2024.373585,8.556845833
2024.376317,8.490425
2024.379049,8.518425
2024.381781,8.55495
2024.384514,8.602379167
2024.387246,8.664416667
2024.389978,8.648479167
2024.39271,8.641754545
2024.395443,8.646888021
2024.398175,8.684111458
2024.400907,8.7636125
2024.403639,8.787275
2024.406372,8.809016667
2024.409104,8.821491667
2024.411836,8.827553125
2024.414568,8.822775
2024.417301,8.825751042
2024.420033,8.864334375
2024.422765,8.855491667
2024.425497,8.870210417
2024.42823,8.875271875
2024.430962,8.930347115
2024.433694,8.970104808
2024.436426,8.972040385
2024.439158,8.9924
2024.441891,9.014908654
2024.444623,9.039859615
2024.447355,9.124288462
2024.450087,9.174311538
2024.45282,9.212346154
2024.455552,9.206750962
2024.458284,9.299716346
2024.461016,9.415304808
2024.463749,9.466385577
2024.466481,9.574290385
2024.469213,9.607894231
2024.471945,9.545613462
2024.474678,9.513905769
2024.47741,9.545185577
2024.480142,9.490265385
2024.482874,9.522678846
2024.485607,9.5242
2024.488339,9.495998077
2024.491071,9.557000962
2024.493803,9.573999038
2024.496536,9.554546154
2024.499268,9.639239423
2024.502,9.671049038
2024.504732,9.703379808
2024.507464,9.8355375
2024.510197,9.874529808
2024.512929,9.893660577
2024.515661,9.960597115
2024.518393,9.989460577
2024.521126,10.02280096
2024.523858,10.07621346
2024.52659,10.10550481
2024.529322,10.12047596
2024.532055,10.17337885
2024.534787,10.31434038
2024.537519,10.30512981
2024.540251,10.42622308
2024.542984,10.48787308
2024.545716,10.53447115
2024.548448,10.57744904
2024.55118,10.52207788
2024.553913,10.53131058
2024.556645,10.60828462
2024.559377,10.59799231
2024.562109,10.64733269
2024.564842,10.77011154
2024.567574,10.81865288
2024.570306,10.76127115
2024.573038,10.82925865
2024.57577,10.88870769
2024.578503,11.03122404
2024.581235,11.06647596
2024.583967,11.23577212
2024.586699,11.25983942
2024.589432,11.38946731
2024.592164,11.37351058
2024.594896,11.35065962
2024.597628,11.14342212
2024.600361,11.19497308
2024.603093,11.24412019
2024.605825,11.43525769
2024.608557,11.45382308
2024.61129,11.6214375
2024.614022,11.67946827
2024.616754,11.54801923
2024.619486,11.69656731
2024.622219,11.67608365
2024.624951,11.69460481
2024.627683,11.76720577
2024.630415,11.87727885
2024.633148,12.04152049
2024.63588,11.98363864
2024.638612,12.00935909
2024.641344,12.18413977
2024.644077,12.16970568
2024.646809,12.13943409
2024.649541,12.16436477
2024.652273,12.18698295
2024.655005,12.22340795
2024.657738,12.22579091
2024.66047,12.24464773
2024.663202,12.30347727
2024.665934,12.3832125
2024.668667,12.24466705
2024.671399,12.35687159
2024.674131,12.34616932
2024.676863,12.40406023
2024.679596,12.54584659
2024.682328,12.47387955
2024.68506,12.48564318
2024.687792,12.57634205
2024.690525,12.65120909
2024.693257,12.71997614
2024.695989,12.70061023
2024.698721,12.7382375
2024.701454,12.91202955
2024.704186,13.04668636
2024.706918,13.12503523
2024.70965,13.15395568
2024.712383,13.24708977
2024.715115,13.17785114
2024.717847,13.25939205
2024.720579,13.29379659
2024.723311,13.27947727
2024.726044,13.32702273
2024.728776,13.39865909
2024.731508,13.37886364
2024.73424,13.35802273
2024.736973,13.40636364
2024.739705,13.44134091
2024.742437,13.4725625
2024.745169,13.47741667
2024.747902,13.43460417
2024.750634,13.45602083
2024.753366,13.53697917
2024.756098,13.638375
2024.758831,13.714
2024.761563,13.71541667
2024.764295,13.78754167
2024.767027,13.803125
2024.76976,13.79322917
2024.772492,13.779375
2024.775224,13.785
2024.777956,13.80960417
2024.780689,13.7771875
2024.783421,13.7733125
2024.786153,13.7231875
2024.788885,13.70227083
2024.791617,13.70860417
2024.79435,13.68741667
2024.797082,13.6560625
2024.799814,13.66095833
2024.802546,13.64464583
2024.805279,13.58708333
2024.808011,13.59420833
2024.810743,13.58577083
2024.813475,13.5865
2024.816208,13.576875
2024.81894,13.53364583
2024.821672,13.482375
2024.824404,13.47195833
2024.827137,13.42594896
2024.829869,13.39909688
2024.832601,13.37510104
2024.835333,13.37717614
2024.838066,13.31208542
2024.840798,13.26165208
2024.84353,13.26340313
2024.846262,13.24470521
2024.848995,13.21259688
2024.851727,13.23163636
2024.854459,13.19056771
2024.857191,13.13362083
2024.859923,13.09380833
2024.862656,13.07121354
2024.865388,13.01477083
2024.86812,12.93804792
2024.870852,12.92967708
2024.873585,12.91273229
2024.876317,12.88546875
2024.879049,12.86696875
2024.881781,12.81410417
2024.884514,12.68980417
2024.887246,12.58929792
2024.889978,12.54243542
2024.89271,12.56244271
2024.895443,12.54297292
2024.898175,12.45032396
2024.900907,12.38125938
2024.903639,12.3419125
2024.906372,12.29624271
2024.909104,12.2586125
2024.911836,12.19784375
2024.914568,12.10960833
2024.917301,12.08083409
2024.920033,12.02025208
2024.922765,11.964875
2024.925497,11.90279167
2024.92823,11.84263438
2024.930962,11.76865729
2024.933694,11.66673333
2024.936426,11.58849688
2024.939158,11.48963021
2024.941891,11.44167708
2024.944623,11.42181563
2024.947355,11.39776667
2024.950087,11.32589479
2024.95282,11.28006667
2024.955552,11.24502604
2024.958284,11.20378542
2024.961016,11.17861458
2024.963749,11.1561
2024.966481,11.06074479
2024.969213,10.97622604
2024.971945,10.98620729
2024.974678,10.91287292
2024.97741,10.87901771
2024.980142,10.83910833
2024.982874,10.8212125
2024.985607,10.71607083
2024.988339,10.68104063
2024.991071,10.67181979
2024.993803,10.63746563
2024.996536,10.64514688
2024.999268,10.40279167
2025.002,10.45978438
2025.00474,10.44940729
2025.007479,10.39987917
2025.010219,10.32824271
2025.012959,10.27911042
2025.015699,10.24934135
2025.018438,10.31361979
2025.021178,10.28248229
2025.023918,10.18725208
2025.026658,10.17931146
2025.029397,10.12336591
2025.032137,10.10734091
2025.034877,10.06412159
2025.037616,10.00296818
2025.040356,9.974207292
2025.043096,9.940730208
2025.045836,9.8639875
2025.048575,9.770510417
2025.051315,9.755215625
2025.054055,9.736907292
2025.056795,9.713672917
2025.059534,9.68508125
2025.062274,9.627567708
2025.065014,9.572097917
2025.067753,9.530491667
2025.070493,9.434667708
2025.073233,9.367846875
2025.075973,9.2973375
2025.078712,9.247060417
2025.081452,9.231323958
2025.084192,9.160646667
2025.086932,9.1410625
2025.089671,9.117854167
2025.092411,9.078041667
2025.095151,9.029083333
2025.09789,9.015645833
2025.10063,9.007333333
2025.10337,8.951166667
2025.10611,8.9065625
2025.108849,8.827020833
2025.111589,8.743708333
2025.114329,8.719791667
2025.117068,8.674520833
2025.119808,8.631958333
2025.122548,8.5841875
2025.125288,8.575041667
2025.128027,8.55825
2025.130767,8.555041667
2025.133507,8.534145833
2025.136247,8.543333333
2025.138986,8.528625
2025.141726,8.502520833
2025.144466,8.5203125
2025.147205,8.511854167
2025.149945,8.454645833
2025.152685,8.406041667
2025.155425,8.331045455
2025.158164,8.307409091
2025.160904,8.310690909
2025.163644,8.314777273
2025.166384,8.24965
2025.169123,8.258309091
2025.171863,8.249195455
2025.174603,8.230468182
2025.177342,8.223536364
2025.180082,8.2109
2025.182822,8.215741667
2025.185562,8.206825
2025.188301,8.222041667
2025.191041,8.2192375
2025.193781,8.205108333
2025.196521,8.1982
2025.19926,8.18495
2025.202,8.200354167
2025.20474,8.193804167
2025.207479,8.1493
2025.210219,8.121279167
2025.212959,8.112554167
2025.215699,8.1069625
2025.218438,8.1161875
2025.221178,8.117733333
2025.223918,8.135295833
2025.226658,8.155291667
2025.229397,8.153691667
2025.232137,8.149958333
2025.234877,8.143041667
2025.237616,8.126154167
2025.240356,8.121258333
2025.243096,8.11665
2025.245836,8.107570833
2025.248575,8.1033625
2025.251315,8.104904167
2025.254055,8.105270833
2025.256795,8.101275
2025.259534,8.096633333
2025.262274,8.090545833
2025.265014,8.093816667
2025.267753,8.077783333
2025.270493,8.081020833
2025.273233,8.072127273
2025.275973,8.089509091
2025.278712,8.091581818
2025.281452,8.087145455
2025.284192,8.084091667
2025.286932,8.103279167
2025.289671,8.1293125
2025.292411,8.1300625
2025.295151,8.1336375
2025.29789,8.133008333
2025.30063,8.134083333
2025.30337,8.128320833
2025.30611,8.1293375
2025.308849,8.126879167
2025.311589,8.12545
2025.314329,8.121416667
2025.317068,8.13245
2025.319808,8.156233333
2025.322548,8.177779167
2025.325288,8.1985625
2025.328027,8.253783333
2025.330767,8.2875875
2025.333507,8.267666667
2025.336247,8.295379167
2025.338986,8.289491667
2025.341726,8.30365
2025.344466,8.312991667
2025.347205,8.320283333
2025.349945,8.320858333
2025.352685,8.342566667
2025.355425,8.447795833
2025.358164,8.419833333
2025.360904,8.485354545
2025.363644,8.458966667
2025.366384,8.5231375
2025.369123,8.593520833
2025.371863,8.637466667
2025.374603,8.556845833
2025.377342,8.490425
2025.380082,8.518425
2025.382822,8.55495
2025.385562,8.602379167
2025.388301,8.664416667
2025.391041,8.648479167
2025.393781,8.641754545
2025.396521,8.646888021
2025.39926,8.684111458
2025.402,8.7636125
2025.40474,8.787275
2025.407479,8.809016667
2025.410219,8.821491667
2025.412959,8.827553125
2025.415699,8.822775
2025.418438,8.825751042
2025.421178,8.864334375
2025.423918,8.855491667
2025.426658,8.870210417
2025.429397,8.875271875
2025.432137,8.930347115
2025.434877,8.970104808
2025.437616,8.972040385
2025.440356,8.9924
2025.443096,9.014908654
2025.445836,9.039859615
2025.448575,9.124288462
2025.451315,9.174311538
2025.454055,9.212346154
2025.456795,9.206750962
2025.459534,9.299716346
2025.462274,9.415304808
2025.465014,9.466385577
2025.467753,9.574290385
2025.470493,9.607894231
2025.473233,9.545613462
2025.475973,9.513905769
2025.478712,9.545185577
2025.481452,9.490265385
2025.484192,9.522678846
2025.486932,9.5242
2025.489671,9.495998077
2025.492411,9.557000962
2025.495151,9.573999038
2025.49789,9.554546154
2025.50063,9.639239423
2025.50337,9.671049038
2025.50611,9.703379808
2025.508849,9.8355375
2025.511589,9.874529808
2025.514329,9.893660577
2025.517068,9.960597115
2025.519808,9.989460577
2025.522548,10.02280096
2025.525288,10.07621346
2025.528027,10.10550481
2025.530767,10.12047596
2025.533507,10.17337885
2025.536247,10.31434038
2025.538986,10.30512981
2025.541726,10.42622308
2025.544466,10.48787308
2025.547205,10.53447115
2025.549945,10.57744904
2025.552685,10.52207788
2025.555425,10.53131058
2025.558164,10.60828462
2025.560904,10.59799231
2025.563644,10.64733269
2025.566384,10.77011154
2025.569123,10.81865288
2025.571863,10.76127115
2025.574603,10.82925865
2025.577342,10.88870769
2025.580082,11.03122404
2025.582822,11.06647596
2025.585562,11.23577212
2025.588301,11.25983942
2025.591041,11.38946731
2025.593781,11.37351058
2025.596521,11.35065962
2025.59926,11.14342212
2025.602,11.19497308
2025.60474,11.24412019
2025.607479,11.43525769
2025.610219,11.45382308
2025.612959,11.6214375
2025.615699,11.67946827
2025.618438,11.54801923
2025.621178,11.69656731
2025.623918,11.67608365
2025.626658,11.69460481
2025.629397,11.76720577
2025.632137,11.87727885
2025.634877,12.04152049
2025.637616,11.98363864
2025.640356,12.00935909
2025.643096,13.515
2025.645836,13.5275
2025.648575,13.595
2025.651315,13.46375
2025.654055,13.51625
2025.656795,13.44
2025.659534,13.31625
2025.662274,13.31125
2025.665014,13.34875
2025.667753,13.33
2025.670493,13.3
2025.673233,13.345
2025.675973,13.40875
2025.678712,13.55
2025.681452,13.6775
2025.684192,13.73625
2025.686932,13.7925
2025.689671,13.84875
2025.692411,13.83
2025.695151,13.80375
2025.69789,13.815
2025.70063,13.83
2025.70337,13.83
2025.70611,13.83
2025.708849,13.8375
2025.711589,13.89375
2025.714329,13.92625
2025.717068,13.94875
2025.719808,14.02
2025.722548,14.18125
2025.725288,14.3
2025.728027,14.40875
2025.730767,14.45
2025.733507,14.40375
2025.736247,14.39375
2025.738986,14.41875
2025.741726,14.3
2025.744466,14.31916667
2025.747205,14.57125
2025.749945,14.3425
2025.752685,14.15625
2025.755425,14.03875
2025.758164,14.185
2025.760904,14.4325
2025.763644,14.4625
2025.766384,14.425
2025.769123,14.4975
2025.771863,14.52
2025.774603,14.50125
2025.777342,14.42625
2025.780082,14.3975
2025.782822,14.3825
2025.785562,14.3225
2025.788301,14.25125
2025.791041,14.24
2025.793781,14.24
2025.796521,14.2475
2025.79926,14.25875
2025.802,14.2175
2025.80474,14.17
2025.807479,14.19125
2025.810219,14.18
2025.812959,14.165
2025.815699,14.10625
2025.818438,14.06125
2025.821178,14.035
2025.823918,13.975
2025.826658,13.93375
2025.829397,13.8275
2025.832137,13.78125
2025.834877,13.72875
2025.837616,13.675
2025.840356,13.64625
2025.843096,13.595
2025.845836,13.505
2025.848575,13.57625
2025.851315,13.64
2025.854055,13.645
2025.856795,13.64
2025.859534,13.625
2025.862274,13.6175
2025.865014,13.68125
2025.867753,13.7175
2025.870493,13.8475
2025.873233,13.9525
2025.875973,13.9525
2025.878712,13.92125
2025.881452,14.02
2025.884192,13.99
2025.886932,13.855
2025.889671,13.80875
2025.892411,13.7775
2025.895151,13.7125
2025.89789,13.53875
2025.90063,13.4675
2025.90337,13.41625
2025.90611,13.29625
2025.908849,13.20875
2025.911589,13.20875
2025.914329,12.75875
2025.917068,12.73625
2025.919808,12.73
2025.922548,12.58625
2025.925288,12.4575
2025.928027,12.44125
2025.930767,12.5875
2025.933507,12.57625
2025.936247,12.4925
2025.938986,12.545
2025.941726,12.49125
2025.944466,12.28
2025.947205,12.2675
2025.949945,12.2725
2025.952685,12.165
2025.955425,12.07625
2025.958164,11.9625
2025.960904,11.9375
2025.963644,12.00125
2025.966384,12.1825
2025.969123,12.03875
2025.971863,11.8625
2025.974603,12.01875
2025.977342,12.04125
2025.980082,12.03375
2025.982822,11.96375
2025.985562,11.885
2025.988301,11.825
2025.991041,11.74
2025.993781,11.71375
2025.996521,11.645
2025.99926,11.465
2026.002,11.43125
2026.00474,11.37
2026.007479,11.28625
2026.010219,11.21125
2026.012959,11.125
2026.015699,11.07
2026.018438,10.98875
2026.021178,10.95
